/*
SQLyog Ultimate v12.09 (64 bit)
MySQL - 5.7.25-3-log : Database - hdxydb_auth
*********************************************************************
*/

/*!40101 SET NAMES utf8 */;

/*!40101 SET SQL_MODE=''*/;

/*!40014 SET @OLD_UNIQUE_CHECKS=@@UNIQUE_CHECKS, UNIQUE_CHECKS=0 */;
/*!40014 SET @OLD_FOREIGN_KEY_CHECKS=@@FOREIGN_KEY_CHECKS, FOREIGN_KEY_CHECKS=0 */;
/*!40101 SET @OLD_SQL_MODE=@@SQL_MODE, SQL_MODE='NO_AUTO_VALUE_ON_ZERO' */;
/*!40111 SET @OLD_SQL_NOTES=@@SQL_NOTES, SQL_NOTES=0 */;
CREATE DATABASE /*!32312 IF NOT EXISTS*/`hdxydb_auth` /*!40100 DEFAULT CHARACTER SET utf8 */;

USE `hdxydb_auth`;

/*Table structure for table `config_info` */

DROP TABLE IF EXISTS `config_info`;

CREATE TABLE `config_info` (
  `id` bigint(20) NOT NULL AUTO_INCREMENT COMMENT 'id',
  `data_id` varchar(255) COLLATE utf8_bin NOT NULL COMMENT 'data_id',
  `group_id` varchar(255) COLLATE utf8_bin DEFAULT NULL,
  `content` longtext COLLATE utf8_bin NOT NULL COMMENT 'content',
  `md5` varchar(32) COLLATE utf8_bin DEFAULT NULL COMMENT 'md5',
  `gmt_create` datetime NOT NULL DEFAULT '2010-05-05 00:00:00' COMMENT '创建时间',
  `gmt_modified` datetime NOT NULL DEFAULT '2010-05-05 00:00:00' COMMENT '修改时间',
  `src_user` text COLLATE utf8_bin COMMENT 'source user',
  `src_ip` varchar(20) COLLATE utf8_bin DEFAULT NULL COMMENT 'source ip',
  `app_name` varchar(128) COLLATE utf8_bin DEFAULT NULL,
  `tenant_id` varchar(128) COLLATE utf8_bin DEFAULT '' COMMENT '租户字段',
  `c_desc` varchar(256) COLLATE utf8_bin DEFAULT NULL,
  `c_use` varchar(64) COLLATE utf8_bin DEFAULT NULL,
  `effect` varchar(64) COLLATE utf8_bin DEFAULT NULL,
  `type` varchar(64) COLLATE utf8_bin DEFAULT NULL,
  `c_schema` text COLLATE utf8_bin,
  PRIMARY KEY (`id`),
  UNIQUE KEY `uk_configinfo_datagrouptenant` (`data_id`,`group_id`,`tenant_id`)
) ENGINE=InnoDB AUTO_INCREMENT=11 DEFAULT CHARSET=utf8 COLLATE=utf8_bin COMMENT='config_info';

/*Data for the table `config_info` */

insert  into `config_info`(`id`,`data_id`,`group_id`,`content`,`md5`,`gmt_create`,`gmt_modified`,`src_user`,`src_ip`,`app_name`,`tenant_id`,`c_desc`,`c_use`,`effect`,`type`,`c_schema`) values (1,'sentinel-ruoyi-gateway','DEFAULT_GROUP','[\r\n    {\r\n        \"resource\": \"ruoyi-auth\",\r\n        \"count\": 500,\r\n        \"grade\": 1,\r\n        \"limitApp\": \"default\",\r\n        \"strategy\": 0,\r\n        \"controlBehavior\": 0\r\n    },\r\n	{\r\n        \"resource\": \"ruoyi-system\",\r\n        \"count\": 1000,\r\n        \"grade\": 1,\r\n        \"limitApp\": \"default\",\r\n        \"strategy\": 0,\r\n        \"controlBehavior\": 0\r\n    },\r\n	{\r\n        \"resource\": \"ruoyi-gen\",\r\n        \"count\": 200,\r\n        \"grade\": 1,\r\n        \"limitApp\": \"default\",\r\n        \"strategy\": 0,\r\n        \"controlBehavior\": 0\r\n    },\r\n	{\r\n        \"resource\": \"ruoyi-job\",\r\n        \"count\": 300,\r\n        \"grade\": 1,\r\n        \"limitApp\": \"default\",\r\n        \"strategy\": 0,\r\n        \"controlBehavior\": 0\r\n    },\r\n    {\r\n        \"resource\": \"esp-server\",\r\n        \"count\": 1000,\r\n        \"grade\": 1,\r\n        \"limitApp\": \"default\",\r\n        \"strategy\": 0,\r\n        \"controlBehavior\": 0\r\n    },\r\n    {\r\n        \"resource\": \"ecdr-server\",\r\n        \"count\": 1000,\r\n        \"grade\": 1,\r\n        \"limitApp\": \"default\",\r\n        \"strategy\": 0,\r\n        \"controlBehavior\": 0\r\n    }\r\n]','9ee457d338766a04363446bb8fb9bf13','2021-03-16 00:30:17','2021-03-16 00:30:17',NULL,'106.41.69.60','','','限流策略',NULL,NULL,'yaml',NULL),(2,'ruoyi-auth','DEFAULT_GROUP','spring: \r\n  datasource:\r\n    driver-class-name: com.mysql.cj.jdbc.Driver\r\n    url: jdbc:mysql://119.3.255.82:3306/hdxydb_auth?useUnicode=true&characterEncoding=utf8&zeroDateTimeBehavior=convertToNull&useSSL=true&serverTimezone=GMT%2B8\r\n    username: hdxydb_user\r\n    password: hdxydb_user@sxlc\r\n  redis:\r\n    host: 127.0.0.1\r\n    port: 6379\r\n    password: longshine\r\n\r\n# feign:\r\n#   setinel: \r\n#     enabled: true\r\n#   okhttp:\r\n#     enabled: true\r\n#   httpclient:\r\n#     enabled: false\r\n#   client:\r\n#     config:\r\n#       default:\r\n#         connectTimeout: 10000\r\n#         readTimeout: 10000\r\n#   compression:\r\n#     request:\r\n#       enabled: true\r\n#     response:\r\n#       enabled: true\r\n\r\nconsLogin:\r\n  url: http://47.97.105.23:8894/ecdr-server/v1/consLogin','9b782a4537eccc1037db9ba6756754a1','2021-03-16 00:30:55','2021-03-16 00:46:01',NULL,'106.41.69.60','','','认证中心',NULL,NULL,'yaml',NULL),(4,'ruoyi-gateway','DEFAULT_GROUP','spring:\r\n  redis:\r\n    host: 127.0.0.1\r\n    port: 6379\r\n    password: longshine\r\n  cloud:\r\n    gateway:\r\n      discovery:\r\n        locator:\r\n          lowerCaseServiceId: true\r\n          enabled: true\r\n      routes:\r\n        # 认证中心\r\n        - id: ruoyi-auth\r\n          uri: lb://ruoyi-auth\r\n          predicates:\r\n            - Path=/auth/**\r\n          filters:\r\n            # 验证码处理\r\n            - CacheRequestFilter\r\n            - ValidateCodeFilter\r\n            - StripPrefix=1\r\n        # 代码生成\r\n        - id: ruoyi-gen\r\n          uri: lb://ruoyi-gen\r\n          predicates:\r\n            - Path=/code/**\r\n          filters:\r\n            - StripPrefix=1\r\n        # 定时任务\r\n        - id: ruoyi-job\r\n          uri: lb://ruoyi-job\r\n          predicates:\r\n            - Path=/schedule/**\r\n          filters:\r\n            - StripPrefix=1\r\n        # 系统模块\r\n        - id: ruoyi-system\r\n          uri: lb://ruoyi-system\r\n          predicates:\r\n            - Path=/system/**\r\n          filters:\r\n            - StripPrefix=1\r\n        # 文件服务\r\n        - id: ruoyi-file\r\n          uri: lb://ruoyi-file\r\n          predicates:\r\n            - Path=/file/**\r\n          filters:\r\n            - StripPrefix=1\r\n        # 售电系统\r\n        - id: esp-server\r\n          uri: lb://esp-server\r\n          predicates:\r\n            - Path=/esp-server/**\r\n          filters:\r\n            - StripPrefix=1\r\n        # 电动汽车系统\r\n        - id: ecdr-server\r\n          uri: lb://ecdr-server\r\n          predicates:\r\n            - Path=/ecdr-server/**\r\n          filters:\r\n            - StripPrefix=1\r\n\r\n# 不校验白名单\r\nignore:\r\n  whites:\r\n    - /auth/logout\r\n    - /auth/login\r\n    - /*/v2/api-docs\r\n    - /csrf\r\n    - /auth/appLogin\r\n    - /auth/appLogout\r\n    - /ecdr-server/v1/consLogin','c55cc083562fd45f3cca78e4026f9b74','2021-03-16 00:33:21','2021-03-16 00:46:26',NULL,'106.41.69.60','','','网关模块',NULL,NULL,'yaml',NULL),(5,'application','DEFAULT_GROUP','spring:\r\n  main:\r\n    allow-bean-definition-overriding: true\r\n  autoconfigure:\r\n    exclude: com.alibaba.druid.spring.boot.autoconfigure.DruidDataSourceAutoConfigure\r\n\r\n#请求处理的超时时间\r\nribbon:\r\n  ReadTimeout: 10000\r\n  ConnectTimeout: 10000\r\n\r\n# feign 配置\r\nfeign:\r\n  sentinel:\r\n    enabled: true\r\n  okhttp:\r\n    enabled: true\r\n  httpclient:\r\n    enabled: false\r\n  client:\r\n    config:\r\n      default:\r\n        connectTimeout: 10000\r\n        readTimeout: 10000\r\n  compression:\r\n    request:\r\n      enabled: true\r\n    response:\r\n      enabled: true\r\n\r\n# 暴露监控端点\r\nmanagement:\r\n  endpoints:\r\n    web:\r\n      exposure:\r\n        include: \'*\'','ce366e215fee96165533cfe756349980','2021-03-16 00:34:17','2021-03-16 00:34:17',NULL,'106.41.69.60','','','通用配置',NULL,NULL,'yaml',NULL),(6,'ruoyi-system','DEFAULT_GROUP','# spring配置\r\nspring:\r\n  redis:\r\n    host: 127.0.0.1\r\n    port: 6379\r\n    password: longshine\r\n  datasource:\r\n    druid:\r\n      stat-view-servlet:\r\n        enabled: true\r\n        loginUsername: admin\r\n        loginPassword: 123456\r\n    dynamic:\r\n      druid:\r\n        initial-size: 5\r\n        min-idle: 5\r\n        maxActive: 20\r\n        maxWait: 60000\r\n        timeBetweenEvictionRunsMillis: 60000\r\n        minEvictableIdleTimeMillis: 300000\r\n        validationQuery: SELECT 1 FROM DUAL\r\n        testWhileIdle: true\r\n        testOnBorrow: false\r\n        testOnReturn: false\r\n        poolPreparedStatements: true\r\n        maxPoolPreparedStatementPerConnectionSize: 20\r\n        filters: stat,wall,slf4j\r\n        connectionProperties: druid.stat.mergeSql\\=true;druid.stat.slowSqlMillis\\=5000\r\n      primary: master\r\n      datasource:\r\n          # 主库数据源\r\n          master:\r\n            driver-class-name: com.mysql.cj.jdbc.Driver\r\n            url: jdbc:mysql://119.3.255.82:3306/hdxydb_auth?useUnicode=true&characterEncoding=utf8&zeroDateTimeBehavior=convertToNull&useSSL=true&serverTimezone=GMT%2B8\r\n            username: hdxydb_user\r\n            password: hdxydb_user@sxlc\r\n          # 从库数据源\r\n          # slave:\r\n            # url:\r\n            # username:\r\n            # password:\r\n            # driver-class-name:\r\n\r\n# mybatis配置\r\nmybatis:\r\n    # 搜索指定包别名\r\n    typeAliasesPackage: com.ruoyi.system\r\n    # 配置mapper的扫描，找到所有的mapper.xml映射文件\r\n    mapperLocations: classpath:mapper/**/*.xml\r\n\r\n# swagger配置\r\nswagger:\r\n  title: 系统模块接口文档\r\n  license: Powered By ruoyi\r\n  licenseUrl: https://ruoyi.vip\r\n  authorization:\r\n    name: RuoYi OAuth\r\n    auth-regex: ^.*$\r\n    authorization-scope-list:\r\n      - scope: server\r\n        description: 客户端授权范围\r\n    token-url-list:\r\n      - http://localhost:8080/auth/oauth/token','a7b122886eb78a51c15a9ec428be1afa','2021-03-16 00:35:30','2021-03-16 00:45:05',NULL,'106.41.69.60','','','系统模块',NULL,NULL,'yaml',NULL),(7,'ecdr-server','DEFAULT_GROUP','server.servlet.context-path=/ecdr-server\r\nlogging.config=classpath:log4j.properties\r\nspring.servlet.multipart.max-file-size=10MB\r\n#spring.datasource.type=com.zaxxer.hikari.HikariDataSource\r\n#spring.datasource.driver-class-name=com.mysql.cj.jdbc.Driver\r\n#spring.datasource.driver-class-name=com.mysql.jdbc.Driver\r\nspring.datasource.username=hdxydb_user\r\nspring.datasource.password=hdxydb_user@sxlc\r\nspring.datasource.url=jdbc:mysql://119.3.255.82:3306/hdxydb_business?characterEncoding=utf8&zeroDateTimeBehavior=convertToNull&useSSL=false&useJDBCCompliantTimezoneShift=true&useLegacyDatetimeCode=false&serverTimezone=Asia/Shanghai&allowMultiQueries=true\r\n#mybatis.mapper-locations=classpath*:/src/main/java/com.ls.ecdr/*/dao/*.xml\r\n#下划线select自动转驼峰\r\nmybatis.configuration.map-underscore-to-camel-case=true\r\n#开启swagger\r\nswagger.swagger-ui-open=true\r\n#springboot返回给前端的date 格式\r\nspring.jackson.date-format=yyyy-MM-dd HH:mm:ss\r\nspring.jackson.time-zone=GMT+8\r\nspring.jackson.serialization.write-dates-as-timestamps=false\r\nsafeFile=jpg,png,gif,tif,bmp,dwg,psd,rtf,xml,html,doc,pdf,zip,rar,xls,xlsx\r\n#eureka配置\r\n#spring.application.name=esp-server\r\n#eureka.instance.preferIpAddress=true\r\n#eureka.instance.ip-address=172.26.1.188\r\n#eureka.client.enabled=true\r\n#eureka.client.registerWithEureka=true\r\n#eureka.client.fetchRegistry=true\r\n#spring.cloud.config.service-registry.auto-registration.enabled=true\r\n#eureka.client.serviceUrl.defaultZone=http://172.19.201.51:7002/eureka/\r\n# feign配置\r\n#feign.setinel.enabled=true\r\n#feign.okhttp.enabled=true\r\n#feign.httpclient.enabled=false\r\n#feign.client.config.default.connectTimeout=10000\r\n#feign.client.config.default.readTimeout=10000\r\n#feign.compression.request.enabled=true\r\n#feign.compression.response.enabled=true','7d58a11c27d7d91a2ecdb1f731c63743','2021-03-16 00:36:49','2021-03-16 00:36:49',NULL,'106.41.69.60','','',NULL,NULL,NULL,'properties',NULL);

/*Table structure for table `config_info_aggr` */

DROP TABLE IF EXISTS `config_info_aggr`;

CREATE TABLE `config_info_aggr` (
  `id` bigint(20) NOT NULL AUTO_INCREMENT COMMENT 'id',
  `data_id` varchar(255) COLLATE utf8_bin NOT NULL COMMENT 'data_id',
  `group_id` varchar(255) COLLATE utf8_bin NOT NULL COMMENT 'group_id',
  `datum_id` varchar(255) COLLATE utf8_bin NOT NULL COMMENT 'datum_id',
  `content` longtext COLLATE utf8_bin NOT NULL COMMENT '内容',
  `gmt_modified` datetime NOT NULL COMMENT '修改时间',
  `app_name` varchar(128) COLLATE utf8_bin DEFAULT NULL,
  `tenant_id` varchar(128) COLLATE utf8_bin DEFAULT '' COMMENT '租户字段',
  PRIMARY KEY (`id`),
  UNIQUE KEY `uk_configinfoaggr_datagrouptenantdatum` (`data_id`,`group_id`,`tenant_id`,`datum_id`)
) ENGINE=InnoDB DEFAULT CHARSET=utf8 COLLATE=utf8_bin COMMENT='增加租户字段';

/*Data for the table `config_info_aggr` */

/*Table structure for table `config_info_beta` */

DROP TABLE IF EXISTS `config_info_beta`;

CREATE TABLE `config_info_beta` (
  `id` bigint(20) NOT NULL AUTO_INCREMENT COMMENT 'id',
  `data_id` varchar(255) COLLATE utf8_bin NOT NULL COMMENT 'data_id',
  `group_id` varchar(128) COLLATE utf8_bin NOT NULL COMMENT 'group_id',
  `app_name` varchar(128) COLLATE utf8_bin DEFAULT NULL COMMENT 'app_name',
  `content` longtext COLLATE utf8_bin NOT NULL COMMENT 'content',
  `beta_ips` varchar(1024) COLLATE utf8_bin DEFAULT NULL COMMENT 'betaIps',
  `md5` varchar(32) COLLATE utf8_bin DEFAULT NULL COMMENT 'md5',
  `gmt_create` datetime NOT NULL DEFAULT '2010-05-05 00:00:00' COMMENT '创建时间',
  `gmt_modified` datetime NOT NULL DEFAULT '2010-05-05 00:00:00' COMMENT '修改时间',
  `src_user` text COLLATE utf8_bin COMMENT 'source user',
  `src_ip` varchar(20) COLLATE utf8_bin DEFAULT NULL COMMENT 'source ip',
  `tenant_id` varchar(128) COLLATE utf8_bin DEFAULT '' COMMENT '租户字段',
  PRIMARY KEY (`id`),
  UNIQUE KEY `uk_configinfobeta_datagrouptenant` (`data_id`,`group_id`,`tenant_id`)
) ENGINE=InnoDB DEFAULT CHARSET=utf8 COLLATE=utf8_bin COMMENT='config_info_beta';

/*Data for the table `config_info_beta` */

/*Table structure for table `config_info_tag` */

DROP TABLE IF EXISTS `config_info_tag`;

CREATE TABLE `config_info_tag` (
  `id` bigint(20) NOT NULL AUTO_INCREMENT COMMENT 'id',
  `data_id` varchar(255) COLLATE utf8_bin NOT NULL COMMENT 'data_id',
  `group_id` varchar(128) COLLATE utf8_bin NOT NULL COMMENT 'group_id',
  `tenant_id` varchar(128) COLLATE utf8_bin DEFAULT '' COMMENT 'tenant_id',
  `tag_id` varchar(128) COLLATE utf8_bin NOT NULL COMMENT 'tag_id',
  `app_name` varchar(128) COLLATE utf8_bin DEFAULT NULL COMMENT 'app_name',
  `content` longtext COLLATE utf8_bin NOT NULL COMMENT 'content',
  `md5` varchar(32) COLLATE utf8_bin DEFAULT NULL COMMENT 'md5',
  `gmt_create` datetime NOT NULL DEFAULT '2010-05-05 00:00:00' COMMENT '创建时间',
  `gmt_modified` datetime NOT NULL DEFAULT '2010-05-05 00:00:00' COMMENT '修改时间',
  `src_user` text COLLATE utf8_bin COMMENT 'source user',
  `src_ip` varchar(20) COLLATE utf8_bin DEFAULT NULL COMMENT 'source ip',
  PRIMARY KEY (`id`),
  UNIQUE KEY `uk_configinfotag_datagrouptenanttag` (`data_id`,`group_id`,`tenant_id`,`tag_id`)
) ENGINE=InnoDB DEFAULT CHARSET=utf8 COLLATE=utf8_bin COMMENT='config_info_tag';

/*Data for the table `config_info_tag` */

/*Table structure for table `config_tags_relation` */

DROP TABLE IF EXISTS `config_tags_relation`;

CREATE TABLE `config_tags_relation` (
  `id` bigint(20) NOT NULL COMMENT 'id',
  `tag_name` varchar(128) COLLATE utf8_bin NOT NULL COMMENT 'tag_name',
  `tag_type` varchar(64) COLLATE utf8_bin DEFAULT NULL COMMENT 'tag_type',
  `data_id` varchar(255) COLLATE utf8_bin NOT NULL COMMENT 'data_id',
  `group_id` varchar(128) COLLATE utf8_bin NOT NULL COMMENT 'group_id',
  `tenant_id` varchar(128) COLLATE utf8_bin DEFAULT '' COMMENT 'tenant_id',
  `nid` bigint(20) NOT NULL AUTO_INCREMENT,
  PRIMARY KEY (`nid`),
  UNIQUE KEY `uk_configtagrelation_configidtag` (`id`,`tag_name`,`tag_type`),
  KEY `idx_tenant_id` (`tenant_id`)
) ENGINE=InnoDB DEFAULT CHARSET=utf8 COLLATE=utf8_bin COMMENT='config_tag_relation';

/*Data for the table `config_tags_relation` */

/*Table structure for table `gen_table` */

DROP TABLE IF EXISTS `gen_table`;

CREATE TABLE `gen_table` (
  `table_id` bigint(20) NOT NULL AUTO_INCREMENT COMMENT '编号',
  `table_name` varchar(200) DEFAULT '' COMMENT '表名称',
  `table_comment` varchar(500) DEFAULT '' COMMENT '表描述',
  `sub_table_name` varchar(64) DEFAULT NULL COMMENT '关联子表的表名',
  `sub_table_fk_name` varchar(64) DEFAULT NULL COMMENT '子表关联的外键名',
  `class_name` varchar(100) DEFAULT '' COMMENT '实体类名称',
  `tpl_category` varchar(200) DEFAULT 'crud' COMMENT '使用的模板（crud单表操作 tree树表操作）',
  `package_name` varchar(100) DEFAULT NULL COMMENT '生成包路径',
  `module_name` varchar(30) DEFAULT NULL COMMENT '生成模块名',
  `business_name` varchar(30) DEFAULT NULL COMMENT '生成业务名',
  `function_name` varchar(50) DEFAULT NULL COMMENT '生成功能名',
  `function_author` varchar(50) DEFAULT NULL COMMENT '生成功能作者',
  `gen_type` char(1) DEFAULT '0' COMMENT '生成代码方式（0zip压缩包 1自定义路径）',
  `gen_path` varchar(200) DEFAULT '/' COMMENT '生成路径（不填默认项目路径）',
  `options` varchar(1000) DEFAULT NULL COMMENT '其它生成选项',
  `create_by` varchar(64) DEFAULT '' COMMENT '创建者',
  `create_time` datetime DEFAULT NULL COMMENT '创建时间',
  `update_by` varchar(64) DEFAULT '' COMMENT '更新者',
  `update_time` datetime DEFAULT NULL COMMENT '更新时间',
  `remark` varchar(500) DEFAULT NULL COMMENT '备注',
  PRIMARY KEY (`table_id`) USING BTREE
) ENGINE=InnoDB DEFAULT CHARSET=utf8 ROW_FORMAT=DYNAMIC COMMENT='代码生成业务表';

/*Data for the table `gen_table` */

/*Table structure for table `gen_table_column` */

DROP TABLE IF EXISTS `gen_table_column`;

CREATE TABLE `gen_table_column` (
  `column_id` bigint(20) NOT NULL AUTO_INCREMENT COMMENT '编号',
  `table_id` varchar(64) DEFAULT NULL COMMENT '归属表编号',
  `column_name` varchar(200) DEFAULT NULL COMMENT '列名称',
  `column_comment` varchar(500) DEFAULT NULL COMMENT '列描述',
  `column_type` varchar(100) DEFAULT NULL COMMENT '列类型',
  `java_type` varchar(500) DEFAULT NULL COMMENT 'JAVA类型',
  `java_field` varchar(200) DEFAULT NULL COMMENT 'JAVA字段名',
  `is_pk` char(1) DEFAULT NULL COMMENT '是否主键（1是）',
  `is_increment` char(1) DEFAULT NULL COMMENT '是否自增（1是）',
  `is_required` char(1) DEFAULT NULL COMMENT '是否必填（1是）',
  `is_insert` char(1) DEFAULT NULL COMMENT '是否为插入字段（1是）',
  `is_edit` char(1) DEFAULT NULL COMMENT '是否编辑字段（1是）',
  `is_list` char(1) DEFAULT NULL COMMENT '是否列表字段（1是）',
  `is_query` char(1) DEFAULT NULL COMMENT '是否查询字段（1是）',
  `query_type` varchar(200) DEFAULT 'EQ' COMMENT '查询方式（等于、不等于、大于、小于、范围）',
  `html_type` varchar(200) DEFAULT NULL COMMENT '显示类型（文本框、文本域、下拉框、复选框、单选框、日期控件）',
  `dict_type` varchar(200) DEFAULT '' COMMENT '字典类型',
  `sort` int(11) DEFAULT NULL COMMENT '排序',
  `create_by` varchar(64) DEFAULT '' COMMENT '创建者',
  `create_time` datetime DEFAULT NULL COMMENT '创建时间',
  `update_by` varchar(64) DEFAULT '' COMMENT '更新者',
  `update_time` datetime DEFAULT NULL COMMENT '更新时间',
  PRIMARY KEY (`column_id`) USING BTREE
) ENGINE=InnoDB DEFAULT CHARSET=utf8 ROW_FORMAT=DYNAMIC COMMENT='代码生成业务表字段';

/*Data for the table `gen_table_column` */

/*Table structure for table `group_capacity` */

DROP TABLE IF EXISTS `group_capacity`;

CREATE TABLE `group_capacity` (
  `id` bigint(20) unsigned NOT NULL AUTO_INCREMENT COMMENT '主键ID',
  `group_id` varchar(128) COLLATE utf8_bin NOT NULL DEFAULT '' COMMENT 'Group ID，空字符表示整个集群',
  `quota` int(10) unsigned NOT NULL DEFAULT '0' COMMENT '配额，0表示使用默认值',
  `usage` int(10) unsigned NOT NULL DEFAULT '0' COMMENT '使用量',
  `max_size` int(10) unsigned NOT NULL DEFAULT '0' COMMENT '单个配置大小上限，单位为字节，0表示使用默认值',
  `max_aggr_count` int(10) unsigned NOT NULL DEFAULT '0' COMMENT '聚合子配置最大个数，，0表示使用默认值',
  `max_aggr_size` int(10) unsigned NOT NULL DEFAULT '0' COMMENT '单个聚合数据的子配置大小上限，单位为字节，0表示使用默认值',
  `max_history_count` int(10) unsigned NOT NULL DEFAULT '0' COMMENT '最大变更历史数量',
  `gmt_create` datetime NOT NULL DEFAULT '2010-05-05 00:00:00' COMMENT '创建时间',
  `gmt_modified` datetime NOT NULL DEFAULT '2010-05-05 00:00:00' COMMENT '修改时间',
  PRIMARY KEY (`id`),
  UNIQUE KEY `uk_group_id` (`group_id`)
) ENGINE=InnoDB DEFAULT CHARSET=utf8 COLLATE=utf8_bin COMMENT='集群、各Group容量信息表';

/*Data for the table `group_capacity` */

/*Table structure for table `his_config_info` */

DROP TABLE IF EXISTS `his_config_info`;

CREATE TABLE `his_config_info` (
  `id` bigint(64) unsigned NOT NULL,
  `nid` bigint(20) unsigned NOT NULL AUTO_INCREMENT,
  `data_id` varchar(255) COLLATE utf8_bin NOT NULL,
  `group_id` varchar(128) COLLATE utf8_bin NOT NULL,
  `app_name` varchar(128) COLLATE utf8_bin DEFAULT NULL COMMENT 'app_name',
  `content` longtext COLLATE utf8_bin NOT NULL,
  `md5` varchar(32) COLLATE utf8_bin DEFAULT NULL,
  `gmt_create` datetime NOT NULL DEFAULT '2010-05-05 00:00:00',
  `gmt_modified` datetime NOT NULL DEFAULT '2010-05-05 00:00:00',
  `src_user` text COLLATE utf8_bin,
  `src_ip` varchar(20) COLLATE utf8_bin DEFAULT NULL,
  `op_type` char(10) COLLATE utf8_bin DEFAULT NULL,
  `tenant_id` varchar(128) COLLATE utf8_bin DEFAULT '' COMMENT '租户字段',
  PRIMARY KEY (`nid`),
  KEY `idx_gmt_create` (`gmt_create`),
  KEY `idx_gmt_modified` (`gmt_modified`),
  KEY `idx_did` (`data_id`)
) ENGINE=InnoDB AUTO_INCREMENT=11 DEFAULT CHARSET=utf8 COLLATE=utf8_bin COMMENT='多租户改造';

/*Data for the table `his_config_info` */

insert  into `his_config_info`(`id`,`nid`,`data_id`,`group_id`,`app_name`,`content`,`md5`,`gmt_create`,`gmt_modified`,`src_user`,`src_ip`,`op_type`,`tenant_id`) values (0,1,'sentinel-ruoyi-gateway','DEFAULT_GROUP','','[\r\n    {\r\n        \"resource\": \"ruoyi-auth\",\r\n        \"count\": 500,\r\n        \"grade\": 1,\r\n        \"limitApp\": \"default\",\r\n        \"strategy\": 0,\r\n        \"controlBehavior\": 0\r\n    },\r\n	{\r\n        \"resource\": \"ruoyi-system\",\r\n        \"count\": 1000,\r\n        \"grade\": 1,\r\n        \"limitApp\": \"default\",\r\n        \"strategy\": 0,\r\n        \"controlBehavior\": 0\r\n    },\r\n	{\r\n        \"resource\": \"ruoyi-gen\",\r\n        \"count\": 200,\r\n        \"grade\": 1,\r\n        \"limitApp\": \"default\",\r\n        \"strategy\": 0,\r\n        \"controlBehavior\": 0\r\n    },\r\n	{\r\n        \"resource\": \"ruoyi-job\",\r\n        \"count\": 300,\r\n        \"grade\": 1,\r\n        \"limitApp\": \"default\",\r\n        \"strategy\": 0,\r\n        \"controlBehavior\": 0\r\n    },\r\n    {\r\n        \"resource\": \"esp-server\",\r\n        \"count\": 1000,\r\n        \"grade\": 1,\r\n        \"limitApp\": \"default\",\r\n        \"strategy\": 0,\r\n        \"controlBehavior\": 0\r\n    },\r\n    {\r\n        \"resource\": \"ecdr-server\",\r\n        \"count\": 1000,\r\n        \"grade\": 1,\r\n        \"limitApp\": \"default\",\r\n        \"strategy\": 0,\r\n        \"controlBehavior\": 0\r\n    }\r\n]','9ee457d338766a04363446bb8fb9bf13','2010-05-05 00:00:00','2021-03-16 00:30:17',NULL,'106.41.69.60','I',''),(0,2,'ruoyi-auth','DEFAULT_GROUP','','spring: \r\n  datasource:\r\n    driver-class-name: com.mysql.cj.jdbc.Driver\r\n    url: jdbc:mysql://172.26.1.188:3306/uniauth?useUnicode=true&characterEncoding=utf8&zeroDateTimeBehavior=convertToNull&useSSL=true&serverTimezone=GMT%2B8\r\n    username: uniauth\r\n    password: B-rq5c6WklbO__x-2-JJ\r\n  redis:\r\n    host: 172.26.1.188\r\n    port: 6379\r\n    password: longshine\r\n\r\n# feign:\r\n#   setinel: \r\n#     enabled: true\r\n#   okhttp:\r\n#     enabled: true\r\n#   httpclient:\r\n#     enabled: false\r\n#   client:\r\n#     config:\r\n#       default:\r\n#         connectTimeout: 10000\r\n#         readTimeout: 10000\r\n#   compression:\r\n#     request:\r\n#       enabled: true\r\n#     response:\r\n#       enabled: true\r\n\r\nconsLogin:\r\n  url: http://172.26.1.188:8894/ecdr-server/v1/consLogin','94961a585a803afa055582e7f603cc71','2010-05-05 00:00:00','2021-03-16 00:30:55',NULL,'106.41.69.60','I',''),(2,3,'ruoyi-auth','DEFAULT_GROUP','','spring: \r\n  datasource:\r\n    driver-class-name: com.mysql.cj.jdbc.Driver\r\n    url: jdbc:mysql://172.26.1.188:3306/uniauth?useUnicode=true&characterEncoding=utf8&zeroDateTimeBehavior=convertToNull&useSSL=true&serverTimezone=GMT%2B8\r\n    username: uniauth\r\n    password: B-rq5c6WklbO__x-2-JJ\r\n  redis:\r\n    host: 172.26.1.188\r\n    port: 6379\r\n    password: longshine\r\n\r\n# feign:\r\n#   setinel: \r\n#     enabled: true\r\n#   okhttp:\r\n#     enabled: true\r\n#   httpclient:\r\n#     enabled: false\r\n#   client:\r\n#     config:\r\n#       default:\r\n#         connectTimeout: 10000\r\n#         readTimeout: 10000\r\n#   compression:\r\n#     request:\r\n#       enabled: true\r\n#     response:\r\n#       enabled: true\r\n\r\nconsLogin:\r\n  url: http://172.26.1.188:8894/ecdr-server/v1/consLogin','94961a585a803afa055582e7f603cc71','2010-05-05 00:00:00','2021-03-16 00:32:42',NULL,'106.41.69.60','U',''),(0,4,'ruoyi-gateway','DEFAULT_GROUP','','spring:\r\n  redis:\r\n    host: 47.97.105.23\r\n    port: 6379\r\n    password: longshine\r\n  cloud:\r\n    gateway:\r\n      discovery:\r\n        locator:\r\n          lowerCaseServiceId: true\r\n          enabled: true\r\n      routes:\r\n        # 认证中心\r\n        - id: ruoyi-auth\r\n          uri: lb://ruoyi-auth\r\n          predicates:\r\n            - Path=/auth/**\r\n          filters:\r\n            # 验证码处理\r\n            - CacheRequestFilter\r\n            - ValidateCodeFilter\r\n            - StripPrefix=1\r\n        # 代码生成\r\n        - id: ruoyi-gen\r\n          uri: lb://ruoyi-gen\r\n          predicates:\r\n            - Path=/code/**\r\n          filters:\r\n            - StripPrefix=1\r\n        # 定时任务\r\n        - id: ruoyi-job\r\n          uri: lb://ruoyi-job\r\n          predicates:\r\n            - Path=/schedule/**\r\n          filters:\r\n            - StripPrefix=1\r\n        # 系统模块\r\n        - id: ruoyi-system\r\n          uri: lb://ruoyi-system\r\n          predicates:\r\n            - Path=/system/**\r\n          filters:\r\n            - StripPrefix=1\r\n        # 文件服务\r\n        - id: ruoyi-file\r\n          uri: lb://ruoyi-file\r\n          predicates:\r\n            - Path=/file/**\r\n          filters:\r\n            - StripPrefix=1\r\n        # 售电系统\r\n        - id: esp-server\r\n          uri: lb://esp-server\r\n          predicates:\r\n            - Path=/esp-server/**\r\n          filters:\r\n            - StripPrefix=1\r\n        # 电动汽车系统\r\n        - id: ecdr-server\r\n          uri: lb://ecdr-server\r\n          predicates:\r\n            - Path=/ecdr-server/**\r\n          filters:\r\n            - StripPrefix=1\r\n\r\n# 不校验白名单\r\nignore:\r\n  whites:\r\n    - /auth/logout\r\n    - /auth/login\r\n    - /*/v2/api-docs\r\n    - /csrf\r\n    - /auth/appLogin\r\n    - /auth/appLogout\r\n    - /ecdr-server/v1/consLogin','4fb135a255365ab50f7af3f6a41553b9','2010-05-05 00:00:00','2021-03-16 00:33:21',NULL,'106.41.69.60','I',''),(0,5,'application','DEFAULT_GROUP','','spring:\r\n  main:\r\n    allow-bean-definition-overriding: true\r\n  autoconfigure:\r\n    exclude: com.alibaba.druid.spring.boot.autoconfigure.DruidDataSourceAutoConfigure\r\n\r\n#请求处理的超时时间\r\nribbon:\r\n  ReadTimeout: 10000\r\n  ConnectTimeout: 10000\r\n\r\n# feign 配置\r\nfeign:\r\n  sentinel:\r\n    enabled: true\r\n  okhttp:\r\n    enabled: true\r\n  httpclient:\r\n    enabled: false\r\n  client:\r\n    config:\r\n      default:\r\n        connectTimeout: 10000\r\n        readTimeout: 10000\r\n  compression:\r\n    request:\r\n      enabled: true\r\n    response:\r\n      enabled: true\r\n\r\n# 暴露监控端点\r\nmanagement:\r\n  endpoints:\r\n    web:\r\n      exposure:\r\n        include: \'*\'','ce366e215fee96165533cfe756349980','2010-05-05 00:00:00','2021-03-16 00:34:17',NULL,'106.41.69.60','I',''),(0,6,'ruoyi-system','DEFAULT_GROUP','','# spring配置\r\nspring:\r\n  redis:\r\n    host: 47.97.105.23\r\n    port: 6379\r\n    password: longshine\r\n  datasource:\r\n    druid:\r\n      stat-view-servlet:\r\n        enabled: true\r\n        loginUsername: admin\r\n        loginPassword: 123456\r\n    dynamic:\r\n      druid:\r\n        initial-size: 5\r\n        min-idle: 5\r\n        maxActive: 20\r\n        maxWait: 60000\r\n        timeBetweenEvictionRunsMillis: 60000\r\n        minEvictableIdleTimeMillis: 300000\r\n        validationQuery: SELECT 1 FROM DUAL\r\n        testWhileIdle: true\r\n        testOnBorrow: false\r\n        testOnReturn: false\r\n        poolPreparedStatements: true\r\n        maxPoolPreparedStatementPerConnectionSize: 20\r\n        filters: stat,wall,slf4j\r\n        connectionProperties: druid.stat.mergeSql\\=true;druid.stat.slowSqlMillis\\=5000\r\n      primary: master\r\n      datasource:\r\n          # 主库数据源\r\n          master:\r\n            driver-class-name: com.mysql.cj.jdbc.Driver\r\n            url: jdbc:mysql://119.3.255.82:3306/hdxydb_auth?useUnicode=true&characterEncoding=utf8&zeroDateTimeBehavior=convertToNull&useSSL=true&serverTimezone=GMT%2B8\r\n            username: hdxydb_user\r\n            password: hdxydb_user@sxlc\r\n          # 从库数据源\r\n          # slave:\r\n            # url:\r\n            # username:\r\n            # password:\r\n            # driver-class-name:\r\n\r\n# mybatis配置\r\nmybatis:\r\n    # 搜索指定包别名\r\n    typeAliasesPackage: com.ruoyi.system\r\n    # 配置mapper的扫描，找到所有的mapper.xml映射文件\r\n    mapperLocations: classpath:mapper/**/*.xml\r\n\r\n# swagger配置\r\nswagger:\r\n  title: 系统模块接口文档\r\n  license: Powered By ruoyi\r\n  licenseUrl: https://ruoyi.vip\r\n  authorization:\r\n    name: RuoYi OAuth\r\n    auth-regex: ^.*$\r\n    authorization-scope-list:\r\n      - scope: server\r\n        description: 客户端授权范围\r\n    token-url-list:\r\n      - http://localhost:8080/auth/oauth/token','b28a4bed1065dc4e4d05acb877ff98ff','2010-05-05 00:00:00','2021-03-16 00:35:30',NULL,'106.41.69.60','I',''),(0,7,'ecdr-server','DEFAULT_GROUP','','server.servlet.context-path=/ecdr-server\r\nlogging.config=classpath:log4j.properties\r\nspring.servlet.multipart.max-file-size=10MB\r\n#spring.datasource.type=com.zaxxer.hikari.HikariDataSource\r\n#spring.datasource.driver-class-name=com.mysql.cj.jdbc.Driver\r\n#spring.datasource.driver-class-name=com.mysql.jdbc.Driver\r\nspring.datasource.username=hdxydb_user\r\nspring.datasource.password=hdxydb_user@sxlc\r\nspring.datasource.url=jdbc:mysql://119.3.255.82:3306/hdxydb_business?characterEncoding=utf8&zeroDateTimeBehavior=convertToNull&useSSL=false&useJDBCCompliantTimezoneShift=true&useLegacyDatetimeCode=false&serverTimezone=Asia/Shanghai&allowMultiQueries=true\r\n#mybatis.mapper-locations=classpath*:/src/main/java/com.ls.ecdr/*/dao/*.xml\r\n#下划线select自动转驼峰\r\nmybatis.configuration.map-underscore-to-camel-case=true\r\n#开启swagger\r\nswagger.swagger-ui-open=true\r\n#springboot返回给前端的date 格式\r\nspring.jackson.date-format=yyyy-MM-dd HH:mm:ss\r\nspring.jackson.time-zone=GMT+8\r\nspring.jackson.serialization.write-dates-as-timestamps=false\r\nsafeFile=jpg,png,gif,tif,bmp,dwg,psd,rtf,xml,html,doc,pdf,zip,rar,xls,xlsx\r\n#eureka配置\r\n#spring.application.name=esp-server\r\n#eureka.instance.preferIpAddress=true\r\n#eureka.instance.ip-address=172.26.1.188\r\n#eureka.client.enabled=true\r\n#eureka.client.registerWithEureka=true\r\n#eureka.client.fetchRegistry=true\r\n#spring.cloud.config.service-registry.auto-registration.enabled=true\r\n#eureka.client.serviceUrl.defaultZone=http://172.19.201.51:7002/eureka/\r\n# feign配置\r\n#feign.setinel.enabled=true\r\n#feign.okhttp.enabled=true\r\n#feign.httpclient.enabled=false\r\n#feign.client.config.default.connectTimeout=10000\r\n#feign.client.config.default.readTimeout=10000\r\n#feign.compression.request.enabled=true\r\n#feign.compression.response.enabled=true','7d58a11c27d7d91a2ecdb1f731c63743','2010-05-05 00:00:00','2021-03-16 00:36:49',NULL,'106.41.69.60','I',''),(6,8,'ruoyi-system','DEFAULT_GROUP','','# spring配置\r\nspring:\r\n  redis:\r\n    host: 47.97.105.23\r\n    port: 6379\r\n    password: longshine\r\n  datasource:\r\n    druid:\r\n      stat-view-servlet:\r\n        enabled: true\r\n        loginUsername: admin\r\n        loginPassword: 123456\r\n    dynamic:\r\n      druid:\r\n        initial-size: 5\r\n        min-idle: 5\r\n        maxActive: 20\r\n        maxWait: 60000\r\n        timeBetweenEvictionRunsMillis: 60000\r\n        minEvictableIdleTimeMillis: 300000\r\n        validationQuery: SELECT 1 FROM DUAL\r\n        testWhileIdle: true\r\n        testOnBorrow: false\r\n        testOnReturn: false\r\n        poolPreparedStatements: true\r\n        maxPoolPreparedStatementPerConnectionSize: 20\r\n        filters: stat,wall,slf4j\r\n        connectionProperties: druid.stat.mergeSql\\=true;druid.stat.slowSqlMillis\\=5000\r\n      primary: master\r\n      datasource:\r\n          # 主库数据源\r\n          master:\r\n            driver-class-name: com.mysql.cj.jdbc.Driver\r\n            url: jdbc:mysql://119.3.255.82:3306/hdxydb_auth?useUnicode=true&characterEncoding=utf8&zeroDateTimeBehavior=convertToNull&useSSL=true&serverTimezone=GMT%2B8\r\n            username: hdxydb_user\r\n            password: hdxydb_user@sxlc\r\n          # 从库数据源\r\n          # slave:\r\n            # url:\r\n            # username:\r\n            # password:\r\n            # driver-class-name:\r\n\r\n# mybatis配置\r\nmybatis:\r\n    # 搜索指定包别名\r\n    typeAliasesPackage: com.ruoyi.system\r\n    # 配置mapper的扫描，找到所有的mapper.xml映射文件\r\n    mapperLocations: classpath:mapper/**/*.xml\r\n\r\n# swagger配置\r\nswagger:\r\n  title: 系统模块接口文档\r\n  license: Powered By ruoyi\r\n  licenseUrl: https://ruoyi.vip\r\n  authorization:\r\n    name: RuoYi OAuth\r\n    auth-regex: ^.*$\r\n    authorization-scope-list:\r\n      - scope: server\r\n        description: 客户端授权范围\r\n    token-url-list:\r\n      - http://localhost:8080/auth/oauth/token','b28a4bed1065dc4e4d05acb877ff98ff','2010-05-05 00:00:00','2021-03-16 00:45:05',NULL,'106.41.69.60','U',''),(2,9,'ruoyi-auth','DEFAULT_GROUP','','spring: \r\n  datasource:\r\n    driver-class-name: com.mysql.cj.jdbc.Driver\r\n    url: jdbc:mysql://119.3.255.82:3306/hdxydb_auth?useUnicode=true&characterEncoding=utf8&zeroDateTimeBehavior=convertToNull&useSSL=true&serverTimezone=GMT%2B8\r\n    username: hdxydb_user\r\n    password: hdxydb_user@sxlc\r\n  redis:\r\n    host: 47.97.105.23\r\n    port: 6379\r\n    password: longshine\r\n\r\n# feign:\r\n#   setinel: \r\n#     enabled: true\r\n#   okhttp:\r\n#     enabled: true\r\n#   httpclient:\r\n#     enabled: false\r\n#   client:\r\n#     config:\r\n#       default:\r\n#         connectTimeout: 10000\r\n#         readTimeout: 10000\r\n#   compression:\r\n#     request:\r\n#       enabled: true\r\n#     response:\r\n#       enabled: true\r\n\r\nconsLogin:\r\n  url: http://47.97.105.23:8894/ecdr-server/v1/consLogin','ceedd059f28157b53e620a51f8043626','2010-05-05 00:00:00','2021-03-16 00:46:01',NULL,'106.41.69.60','U',''),(4,10,'ruoyi-gateway','DEFAULT_GROUP','','spring:\r\n  redis:\r\n    host: 47.97.105.23\r\n    port: 6379\r\n    password: longshine\r\n  cloud:\r\n    gateway:\r\n      discovery:\r\n        locator:\r\n          lowerCaseServiceId: true\r\n          enabled: true\r\n      routes:\r\n        # 认证中心\r\n        - id: ruoyi-auth\r\n          uri: lb://ruoyi-auth\r\n          predicates:\r\n            - Path=/auth/**\r\n          filters:\r\n            # 验证码处理\r\n            - CacheRequestFilter\r\n            - ValidateCodeFilter\r\n            - StripPrefix=1\r\n        # 代码生成\r\n        - id: ruoyi-gen\r\n          uri: lb://ruoyi-gen\r\n          predicates:\r\n            - Path=/code/**\r\n          filters:\r\n            - StripPrefix=1\r\n        # 定时任务\r\n        - id: ruoyi-job\r\n          uri: lb://ruoyi-job\r\n          predicates:\r\n            - Path=/schedule/**\r\n          filters:\r\n            - StripPrefix=1\r\n        # 系统模块\r\n        - id: ruoyi-system\r\n          uri: lb://ruoyi-system\r\n          predicates:\r\n            - Path=/system/**\r\n          filters:\r\n            - StripPrefix=1\r\n        # 文件服务\r\n        - id: ruoyi-file\r\n          uri: lb://ruoyi-file\r\n          predicates:\r\n            - Path=/file/**\r\n          filters:\r\n            - StripPrefix=1\r\n        # 售电系统\r\n        - id: esp-server\r\n          uri: lb://esp-server\r\n          predicates:\r\n            - Path=/esp-server/**\r\n          filters:\r\n            - StripPrefix=1\r\n        # 电动汽车系统\r\n        - id: ecdr-server\r\n          uri: lb://ecdr-server\r\n          predicates:\r\n            - Path=/ecdr-server/**\r\n          filters:\r\n            - StripPrefix=1\r\n\r\n# 不校验白名单\r\nignore:\r\n  whites:\r\n    - /auth/logout\r\n    - /auth/login\r\n    - /*/v2/api-docs\r\n    - /csrf\r\n    - /auth/appLogin\r\n    - /auth/appLogout\r\n    - /ecdr-server/v1/consLogin','4fb135a255365ab50f7af3f6a41553b9','2010-05-05 00:00:00','2021-03-16 00:46:26',NULL,'106.41.69.60','U','');

/*Table structure for table `qrtz_blob_triggers` */

DROP TABLE IF EXISTS `qrtz_blob_triggers`;

CREATE TABLE `qrtz_blob_triggers` (
  `sched_name` varchar(120) NOT NULL,
  `trigger_name` varchar(200) NOT NULL,
  `trigger_group` varchar(200) NOT NULL,
  `blob_data` blob,
  PRIMARY KEY (`sched_name`,`trigger_name`,`trigger_group`) USING BTREE,
  CONSTRAINT `qrtz_blob_triggers_ibfk_1` FOREIGN KEY (`sched_name`, `trigger_name`, `trigger_group`) REFERENCES `qrtz_triggers` (`sched_name`, `trigger_name`, `trigger_group`)
) ENGINE=InnoDB DEFAULT CHARSET=utf8 ROW_FORMAT=DYNAMIC;

/*Data for the table `qrtz_blob_triggers` */

/*Table structure for table `qrtz_calendars` */

DROP TABLE IF EXISTS `qrtz_calendars`;

CREATE TABLE `qrtz_calendars` (
  `sched_name` varchar(120) NOT NULL,
  `calendar_name` varchar(200) NOT NULL,
  `calendar` blob NOT NULL,
  PRIMARY KEY (`sched_name`,`calendar_name`) USING BTREE
) ENGINE=InnoDB DEFAULT CHARSET=utf8 ROW_FORMAT=DYNAMIC;

/*Data for the table `qrtz_calendars` */

/*Table structure for table `qrtz_cron_triggers` */

DROP TABLE IF EXISTS `qrtz_cron_triggers`;

CREATE TABLE `qrtz_cron_triggers` (
  `sched_name` varchar(120) NOT NULL,
  `trigger_name` varchar(200) NOT NULL,
  `trigger_group` varchar(200) NOT NULL,
  `cron_expression` varchar(200) NOT NULL,
  `time_zone_id` varchar(80) DEFAULT NULL,
  PRIMARY KEY (`sched_name`,`trigger_name`,`trigger_group`) USING BTREE,
  CONSTRAINT `qrtz_cron_triggers_ibfk_1` FOREIGN KEY (`sched_name`, `trigger_name`, `trigger_group`) REFERENCES `qrtz_triggers` (`sched_name`, `trigger_name`, `trigger_group`)
) ENGINE=InnoDB DEFAULT CHARSET=utf8 ROW_FORMAT=DYNAMIC;

/*Data for the table `qrtz_cron_triggers` */

/*Table structure for table `qrtz_fired_triggers` */

DROP TABLE IF EXISTS `qrtz_fired_triggers`;

CREATE TABLE `qrtz_fired_triggers` (
  `sched_name` varchar(120) NOT NULL,
  `entry_id` varchar(95) NOT NULL,
  `trigger_name` varchar(200) NOT NULL,
  `trigger_group` varchar(200) NOT NULL,
  `instance_name` varchar(200) NOT NULL,
  `fired_time` bigint(20) NOT NULL,
  `sched_time` bigint(20) NOT NULL,
  `priority` int(11) NOT NULL,
  `state` varchar(16) NOT NULL,
  `job_name` varchar(200) DEFAULT NULL,
  `job_group` varchar(200) DEFAULT NULL,
  `is_nonconcurrent` varchar(1) DEFAULT NULL,
  `requests_recovery` varchar(1) DEFAULT NULL,
  PRIMARY KEY (`sched_name`,`entry_id`) USING BTREE
) ENGINE=InnoDB DEFAULT CHARSET=utf8 ROW_FORMAT=DYNAMIC;

/*Data for the table `qrtz_fired_triggers` */

/*Table structure for table `qrtz_job_details` */

DROP TABLE IF EXISTS `qrtz_job_details`;

CREATE TABLE `qrtz_job_details` (
  `sched_name` varchar(120) NOT NULL,
  `job_name` varchar(200) NOT NULL,
  `job_group` varchar(200) NOT NULL,
  `description` varchar(250) DEFAULT NULL,
  `job_class_name` varchar(250) NOT NULL,
  `is_durable` varchar(1) NOT NULL,
  `is_nonconcurrent` varchar(1) NOT NULL,
  `is_update_data` varchar(1) NOT NULL,
  `requests_recovery` varchar(1) NOT NULL,
  `job_data` blob,
  PRIMARY KEY (`sched_name`,`job_name`,`job_group`) USING BTREE
) ENGINE=InnoDB DEFAULT CHARSET=utf8 ROW_FORMAT=DYNAMIC;

/*Data for the table `qrtz_job_details` */

/*Table structure for table `qrtz_locks` */

DROP TABLE IF EXISTS `qrtz_locks`;

CREATE TABLE `qrtz_locks` (
  `sched_name` varchar(120) NOT NULL,
  `lock_name` varchar(40) NOT NULL,
  PRIMARY KEY (`sched_name`,`lock_name`) USING BTREE
) ENGINE=InnoDB DEFAULT CHARSET=utf8 ROW_FORMAT=DYNAMIC;

/*Data for the table `qrtz_locks` */

/*Table structure for table `qrtz_paused_trigger_grps` */

DROP TABLE IF EXISTS `qrtz_paused_trigger_grps`;

CREATE TABLE `qrtz_paused_trigger_grps` (
  `sched_name` varchar(120) NOT NULL,
  `trigger_group` varchar(200) NOT NULL,
  PRIMARY KEY (`sched_name`,`trigger_group`) USING BTREE
) ENGINE=InnoDB DEFAULT CHARSET=utf8 ROW_FORMAT=DYNAMIC;

/*Data for the table `qrtz_paused_trigger_grps` */

/*Table structure for table `qrtz_scheduler_state` */

DROP TABLE IF EXISTS `qrtz_scheduler_state`;

CREATE TABLE `qrtz_scheduler_state` (
  `sched_name` varchar(120) NOT NULL,
  `instance_name` varchar(200) NOT NULL,
  `last_checkin_time` bigint(20) NOT NULL,
  `checkin_interval` bigint(20) NOT NULL,
  PRIMARY KEY (`sched_name`,`instance_name`) USING BTREE
) ENGINE=InnoDB DEFAULT CHARSET=utf8 ROW_FORMAT=DYNAMIC;

/*Data for the table `qrtz_scheduler_state` */

/*Table structure for table `qrtz_simple_triggers` */

DROP TABLE IF EXISTS `qrtz_simple_triggers`;

CREATE TABLE `qrtz_simple_triggers` (
  `sched_name` varchar(120) NOT NULL,
  `trigger_name` varchar(200) NOT NULL,
  `trigger_group` varchar(200) NOT NULL,
  `repeat_count` bigint(20) NOT NULL,
  `repeat_interval` bigint(20) NOT NULL,
  `times_triggered` bigint(20) NOT NULL,
  PRIMARY KEY (`sched_name`,`trigger_name`,`trigger_group`) USING BTREE,
  CONSTRAINT `qrtz_simple_triggers_ibfk_1` FOREIGN KEY (`sched_name`, `trigger_name`, `trigger_group`) REFERENCES `qrtz_triggers` (`sched_name`, `trigger_name`, `trigger_group`)
) ENGINE=InnoDB DEFAULT CHARSET=utf8 ROW_FORMAT=DYNAMIC;

/*Data for the table `qrtz_simple_triggers` */

/*Table structure for table `qrtz_simprop_triggers` */

DROP TABLE IF EXISTS `qrtz_simprop_triggers`;

CREATE TABLE `qrtz_simprop_triggers` (
  `sched_name` varchar(120) NOT NULL,
  `trigger_name` varchar(200) NOT NULL,
  `trigger_group` varchar(200) NOT NULL,
  `str_prop_1` varchar(512) DEFAULT NULL,
  `str_prop_2` varchar(512) DEFAULT NULL,
  `str_prop_3` varchar(512) DEFAULT NULL,
  `int_prop_1` int(11) DEFAULT NULL,
  `int_prop_2` int(11) DEFAULT NULL,
  `long_prop_1` bigint(20) DEFAULT NULL,
  `long_prop_2` bigint(20) DEFAULT NULL,
  `dec_prop_1` decimal(13,4) DEFAULT NULL,
  `dec_prop_2` decimal(13,4) DEFAULT NULL,
  `bool_prop_1` varchar(1) DEFAULT NULL,
  `bool_prop_2` varchar(1) DEFAULT NULL,
  PRIMARY KEY (`sched_name`,`trigger_name`,`trigger_group`) USING BTREE,
  CONSTRAINT `qrtz_simprop_triggers_ibfk_1` FOREIGN KEY (`sched_name`, `trigger_name`, `trigger_group`) REFERENCES `qrtz_triggers` (`sched_name`, `trigger_name`, `trigger_group`)
) ENGINE=InnoDB DEFAULT CHARSET=utf8 ROW_FORMAT=DYNAMIC;

/*Data for the table `qrtz_simprop_triggers` */

/*Table structure for table `qrtz_triggers` */

DROP TABLE IF EXISTS `qrtz_triggers`;

CREATE TABLE `qrtz_triggers` (
  `sched_name` varchar(120) NOT NULL,
  `trigger_name` varchar(200) NOT NULL,
  `trigger_group` varchar(200) NOT NULL,
  `job_name` varchar(200) NOT NULL,
  `job_group` varchar(200) NOT NULL,
  `description` varchar(250) DEFAULT NULL,
  `next_fire_time` bigint(20) DEFAULT NULL,
  `prev_fire_time` bigint(20) DEFAULT NULL,
  `priority` int(11) DEFAULT NULL,
  `trigger_state` varchar(16) NOT NULL,
  `trigger_type` varchar(8) NOT NULL,
  `start_time` bigint(20) NOT NULL,
  `end_time` bigint(20) DEFAULT NULL,
  `calendar_name` varchar(200) DEFAULT NULL,
  `misfire_instr` smallint(6) DEFAULT NULL,
  `job_data` blob,
  PRIMARY KEY (`sched_name`,`trigger_name`,`trigger_group`) USING BTREE,
  KEY `sched_name` (`sched_name`,`job_name`,`job_group`) USING BTREE,
  CONSTRAINT `qrtz_triggers_ibfk_1` FOREIGN KEY (`sched_name`, `job_name`, `job_group`) REFERENCES `qrtz_job_details` (`sched_name`, `job_name`, `job_group`)
) ENGINE=InnoDB DEFAULT CHARSET=utf8 ROW_FORMAT=DYNAMIC;

/*Data for the table `qrtz_triggers` */

/*Table structure for table `roles` */

DROP TABLE IF EXISTS `roles`;

CREATE TABLE `roles` (
  `username` varchar(50) NOT NULL,
  `role` varchar(50) NOT NULL
) ENGINE=InnoDB DEFAULT CHARSET=utf8;

/*Data for the table `roles` */

insert  into `roles`(`username`,`role`) values ('nacos','ROLE_ADMIN');

/*Table structure for table `sys_config` */

DROP TABLE IF EXISTS `sys_config`;

CREATE TABLE `sys_config` (
  `config_id` int(11) NOT NULL AUTO_INCREMENT COMMENT '参数主键',
  `config_name` varchar(100) DEFAULT '' COMMENT '参数名称',
  `config_key` varchar(100) DEFAULT '' COMMENT '参数键名',
  `config_value` varchar(500) DEFAULT '' COMMENT '参数键值',
  `config_type` char(1) DEFAULT 'N' COMMENT '系统内置（Y是 N否）',
  `create_by` varchar(64) DEFAULT '' COMMENT '创建者',
  `create_time` datetime DEFAULT NULL COMMENT '创建时间',
  `update_by` varchar(64) DEFAULT '' COMMENT '更新者',
  `update_time` datetime DEFAULT NULL COMMENT '更新时间',
  `remark` varchar(500) DEFAULT NULL COMMENT '备注',
  PRIMARY KEY (`config_id`) USING BTREE
) ENGINE=InnoDB AUTO_INCREMENT=161 DEFAULT CHARSET=utf8 ROW_FORMAT=DYNAMIC COMMENT='参数配置表';

/*Data for the table `sys_config` */

insert  into `sys_config`(`config_id`,`config_name`,`config_key`,`config_value`,`config_type`,`create_by`,`create_time`,`update_by`,`update_time`,`remark`) values (1,'主框架页-默认皮肤样式名称','sys.index.skinName','skin-green','Y','admin','2018-03-16 11:33:00','admin','2021-03-09 10:45:16','蓝色 skin-blue、绿色 skin-green、紫色 skin-purple、红色 skin-red、黄色 skin-yellow'),(2,'用户管理-账号初始密码','sys.user.initPassword','123456','Y','admin','2018-03-16 11:33:00','ry','2018-03-16 11:33:00','初始化密码 123456'),(3,'主框架页-侧边栏主题','sys.index.sideTheme','theme-dark','Y','admin','2018-03-16 11:33:00','ry','2018-03-16 11:33:00','深色主题theme-dark，浅色主题theme-light'),(131,'登录管理-账号锁定次数','sys.login.lock.count','3','Y','admin','2021-03-08 15:46:51','',NULL,'密码输入错误次数达到设置值，则锁定账号'),(141,'登录管理-账号锁定自动释放时间','sys.login.lock.minute','1','Y','admin','2021-03-08 15:56:51','admin','2021-03-08 16:37:49','密码输入错误次数过多锁定账号，经过参数设置时间可以再此登录'),(151,'登录管理-会话超时时间','sys.login.timeout.minute','5','Y','admin','2021-03-08 18:40:38','',NULL,'用户登录不使用系统，超过设置时间，系统自动断开');

/*Table structure for table `sys_dept` */

DROP TABLE IF EXISTS `sys_dept`;

CREATE TABLE `sys_dept` (
  `dept_id` bigint(20) NOT NULL AUTO_INCREMENT COMMENT '部门id',
  `parent_id` bigint(20) DEFAULT '0' COMMENT '父部门id',
  `ancestors` varchar(50) DEFAULT '' COMMENT '祖级列表',
  `dept_name` varchar(30) DEFAULT '' COMMENT '部门名称',
  `order_num` int(11) DEFAULT '0' COMMENT '显示顺序',
  `leader` varchar(20) DEFAULT NULL COMMENT '负责人',
  `phone` varchar(11) DEFAULT NULL COMMENT '联系电话',
  `email` varchar(50) DEFAULT NULL COMMENT '邮箱',
  `status` char(1) DEFAULT '0' COMMENT '部门状态（0正常 1停用）',
  `del_flag` char(1) DEFAULT '0' COMMENT '删除标志（0代表存在 2代表删除）',
  `create_by` varchar(64) DEFAULT '' COMMENT '创建者',
  `create_time` datetime DEFAULT NULL COMMENT '创建时间',
  `update_by` varchar(64) DEFAULT '' COMMENT '更新者',
  `update_time` datetime DEFAULT NULL COMMENT '更新时间',
  PRIMARY KEY (`dept_id`) USING BTREE
) ENGINE=InnoDB AUTO_INCREMENT=200 DEFAULT CHARSET=utf8 ROW_FORMAT=DYNAMIC COMMENT='部门表';

/*Data for the table `sys_dept` */

insert  into `sys_dept`(`dept_id`,`parent_id`,`ancestors`,`dept_name`,`order_num`,`leader`,`phone`,`email`,`status`,`del_flag`,`create_by`,`create_time`,`update_by`,`update_time`) values (100,0,'0','新能源系统平台',0,'朗新','15888888888','38160@longshine.com','0','0','admin','2018-03-16 11:33:00','admin','2021-01-25 09:37:52'),(101,100,'0,100','山西总公司',1,'ace','15888888888','ace@qq.com','0','0','admin','2018-03-16 11:33:00','admin','2021-01-25 09:37:26'),(102,100,'0,100','杭州总公司',2,'chen','15888888888','chen@qq.com','0','2','admin','2018-03-16 11:33:00','admin','2021-01-25 09:37:52'),(103,101,'0,100,101','研发部门',1,'朗新','15888888888','38160@longshine.com','0','0','admin','2018-03-16 11:33:00','admin','2018-03-16 11:33:00'),(104,101,'0,100,101','市场部门',2,'朗新','15888888888','38160@longshine.com','0','0','admin','2018-03-16 11:33:00','admin','2018-03-16 11:33:00'),(105,101,'0,100,101','测试部门',3,'朗新','15888888888','38160@longshine.com','0','0','admin','2018-03-16 11:33:00','admin','2018-03-16 11:33:00'),(106,101,'0,100,101','财务部门',4,'朗新','15888888888','38160@longshine.com','0','0','admin','2018-03-16 11:33:00','admin','2018-03-16 11:33:00'),(107,101,'0,100,101','运维部门',5,'朗新','15888888888','38160@longshine.com','0','0','admin','2018-03-16 11:33:00','admin','2018-03-16 11:33:00'),(108,102,'0,100,102','市场部门',1,'朗新','15888888888','38160@longshine.com','0','2','admin','2018-03-16 11:33:00','admin','2018-03-16 11:33:00'),(109,102,'0,100,102','财务部门',2,'朗新','15888888888','38160@longshine.com','0','2','admin','2018-03-16 11:33:00','admin','2018-03-16 11:33:00');

/*Table structure for table `sys_dict_data` */

DROP TABLE IF EXISTS `sys_dict_data`;

CREATE TABLE `sys_dict_data` (
  `dict_code` bigint(20) NOT NULL AUTO_INCREMENT COMMENT '字典编码',
  `dict_sort` int(11) DEFAULT '0' COMMENT '字典排序',
  `dict_label` varchar(100) DEFAULT '' COMMENT '字典标签',
  `dict_value` varchar(100) DEFAULT '' COMMENT '字典键值',
  `dict_type` varchar(100) DEFAULT '' COMMENT '字典类型',
  `css_class` varchar(100) DEFAULT NULL COMMENT '样式属性（其他样式扩展）',
  `list_class` varchar(100) DEFAULT NULL COMMENT '表格回显样式',
  `is_default` char(1) DEFAULT 'N' COMMENT '是否默认（Y是 N否）',
  `status` char(1) DEFAULT '0' COMMENT '状态（0正常 1停用）',
  `create_by` varchar(64) DEFAULT '' COMMENT '创建者',
  `create_time` datetime DEFAULT NULL COMMENT '创建时间',
  `update_by` varchar(64) DEFAULT '' COMMENT '更新者',
  `update_time` datetime DEFAULT NULL COMMENT '更新时间',
  `remark` varchar(500) DEFAULT NULL COMMENT '备注',
  PRIMARY KEY (`dict_code`) USING BTREE
) ENGINE=InnoDB AUTO_INCREMENT=181 DEFAULT CHARSET=utf8 ROW_FORMAT=DYNAMIC COMMENT='字典数据表';

/*Data for the table `sys_dict_data` */

insert  into `sys_dict_data`(`dict_code`,`dict_sort`,`dict_label`,`dict_value`,`dict_type`,`css_class`,`list_class`,`is_default`,`status`,`create_by`,`create_time`,`update_by`,`update_time`,`remark`) values (1,1,'男','0','sys_user_sex','','','Y','0','admin','2018-03-16 11:33:00','admin','2018-03-16 11:33:00','性别男'),(2,2,'女','1','sys_user_sex','','','N','0','admin','2018-03-16 11:33:00','admin','2018-03-16 11:33:00','性别女'),(3,3,'未知','2','sys_user_sex','','','N','0','admin','2018-03-16 11:33:00','admin','2018-03-16 11:33:00','性别未知'),(4,1,'显示','0','sys_show_hide','','primary','Y','0','admin','2018-03-16 11:33:00','admin','2018-03-16 11:33:00','显示菜单'),(5,2,'隐藏','1','sys_show_hide','','danger','N','0','admin','2018-03-16 11:33:00','admin','2018-03-16 11:33:00','隐藏菜单'),(6,1,'正常','0','sys_normal_disable','','primary','Y','0','admin','2018-03-16 11:33:00','admin','2018-03-16 11:33:00','正常状态'),(7,2,'停用','1','sys_normal_disable','','danger','N','0','admin','2018-03-16 11:33:00','admin','2018-03-16 11:33:00','停用状态'),(8,1,'正常','0','sys_job_status','','primary','Y','0','admin','2018-03-16 11:33:00','admin','2018-03-16 11:33:00','正常状态'),(9,2,'暂停','1','sys_job_status','','danger','N','0','admin','2018-03-16 11:33:00','admin','2018-03-16 11:33:00','停用状态'),(10,1,'默认','DEFAULT','sys_job_group','','','Y','0','admin','2018-03-16 11:33:00','admin','2018-03-16 11:33:00','默认分组'),(11,2,'系统','SYSTEM','sys_job_group','','','N','0','admin','2018-03-16 11:33:00','admin','2018-03-16 11:33:00','系统分组'),(12,1,'是','Y','sys_yes_no','','primary','Y','0','admin','2018-03-16 11:33:00','admin','2018-03-16 11:33:00','系统默认是'),(13,2,'否','N','sys_yes_no','','danger','N','0','admin','2018-03-16 11:33:00','admin','2018-03-16 11:33:00','系统默认否'),(14,1,'通知','1','sys_notice_type','','warning','Y','0','admin','2018-03-16 11:33:00','admin','2018-03-16 11:33:00','通知'),(15,2,'公告','2','sys_notice_type','','success','N','0','admin','2018-03-16 11:33:00','admin','2018-03-16 11:33:00','公告'),(16,1,'正常','0','sys_notice_status','','primary','Y','0','admin','2018-03-16 11:33:00','admin','2018-03-16 11:33:00','正常状态'),(17,2,'关闭','1','sys_notice_status','','danger','N','0','admin','2018-03-16 11:33:00','admin','2018-03-16 11:33:00','关闭状态'),(18,1,'新增','1','sys_oper_type','','info','N','0','admin','2018-03-16 11:33:00','admin','2018-03-16 11:33:00','新增操作'),(19,2,'修改','2','sys_oper_type','','info','N','0','admin','2018-03-16 11:33:00','admin','2018-03-16 11:33:00','修改操作'),(20,3,'删除','3','sys_oper_type','','danger','N','0','admin','2018-03-16 11:33:00','admin','2018-03-16 11:33:00','删除操作'),(21,4,'授权','4','sys_oper_type','','primary','N','0','admin','2018-03-16 11:33:00','admin','2018-03-16 11:33:00','授权操作'),(22,5,'导出','5','sys_oper_type','','warning','N','0','admin','2018-03-16 11:33:00','admin','2018-03-16 11:33:00','导出操作'),(23,6,'导入','6','sys_oper_type','','warning','N','0','admin','2018-03-16 11:33:00','admin','2018-03-16 11:33:00','导入操作'),(24,7,'强退','7','sys_oper_type','','danger','N','0','admin','2018-03-16 11:33:00','admin','2018-03-16 11:33:00','强退操作'),(25,8,'生成代码','8','sys_oper_type','','warning','N','0','admin','2018-03-16 11:33:00','admin','2018-03-16 11:33:00','生成操作'),(26,9,'清空数据','9','sys_oper_type','','danger','N','0','admin','2018-03-16 11:33:00','admin','2018-03-16 11:33:00','清空操作'),(27,1,'成功','0','sys_common_status','','primary','N','0','admin','2018-03-16 11:33:00','admin','2018-03-16 11:33:00','正常状态'),(28,2,'失败','1','sys_common_status','','danger','N','0','admin','2018-03-16 11:33:00','admin','2018-03-16 11:33:00','停用状态'),(29,1,'授权码模式','authorization_code','sys_grant_type','','','N','0','admin','2018-03-16 11:33:00','admin','2018-03-16 11:33:00','授权码模式'),(30,2,'密码模式','password','sys_grant_type','','','N','0','admin','2018-03-16 11:33:00','admin','2018-03-16 11:33:00','密码模式'),(31,3,'客户端模式','client_credentials','sys_grant_type','','','N','0','admin','2018-03-16 11:33:00','admin','2018-03-16 11:33:00','客户端模式'),(32,4,'简化模式','implicit','sys_grant_type','','','N','0','admin','2018-03-16 11:33:00','admin','2018-03-16 11:33:00','简化模式'),(33,5,'刷新模式','refresh_token','sys_grant_type','','','N','0','admin','2018-03-16 11:33:00','admin','2018-03-16 11:33:00','刷新模式'),(131,0,'正常','0','sys_user_status',NULL,NULL,'N','0','admin','2021-03-08 17:30:05','',NULL,NULL),(141,1,'停用','1','sys_user_status',NULL,NULL,'N','0','admin','2021-03-08 17:30:16','',NULL,NULL),(151,2,'删除','2','sys_user_status',NULL,NULL,'N','1','admin','2021-03-08 17:30:30','admin','2021-03-08 17:32:45',NULL),(161,3,'初始化','3','sys_user_status',NULL,NULL,'N','0','admin','2021-03-08 17:30:44','',NULL,NULL),(171,4,'锁定','4','sys_user_status',NULL,NULL,'N','0','admin','2021-03-08 17:30:59','',NULL,NULL);

/*Table structure for table `sys_dict_type` */

DROP TABLE IF EXISTS `sys_dict_type`;

CREATE TABLE `sys_dict_type` (
  `dict_id` bigint(20) NOT NULL AUTO_INCREMENT COMMENT '字典主键',
  `dict_name` varchar(100) DEFAULT '' COMMENT '字典名称',
  `dict_type` varchar(100) DEFAULT '' COMMENT '字典类型',
  `status` char(1) DEFAULT '0' COMMENT '状态（0正常 1停用）',
  `create_by` varchar(64) DEFAULT '' COMMENT '创建者',
  `create_time` datetime DEFAULT NULL COMMENT '创建时间',
  `update_by` varchar(64) DEFAULT '' COMMENT '更新者',
  `update_time` datetime DEFAULT NULL COMMENT '更新时间',
  `remark` varchar(500) DEFAULT NULL COMMENT '备注',
  PRIMARY KEY (`dict_id`) USING BTREE,
  UNIQUE KEY `dict_type` (`dict_type`) USING BTREE
) ENGINE=InnoDB AUTO_INCREMENT=111 DEFAULT CHARSET=utf8 ROW_FORMAT=DYNAMIC COMMENT='字典类型表';

/*Data for the table `sys_dict_type` */

insert  into `sys_dict_type`(`dict_id`,`dict_name`,`dict_type`,`status`,`create_by`,`create_time`,`update_by`,`update_time`,`remark`) values (1,'用户性别','sys_user_sex','0','admin','2018-03-16 11:33:00','admin','2021-03-01 15:57:38','用户性别列表'),(2,'菜单状态','sys_show_hide','0','admin','2018-03-16 11:33:00','admin','2018-03-16 11:33:00','菜单状态列表'),(3,'系统开关','sys_normal_disable','0','admin','2018-03-16 11:33:00','admin','2018-03-16 11:33:00','系统开关列表'),(4,'任务状态','sys_job_status','0','admin','2018-03-16 11:33:00','admin','2018-03-16 11:33:00','任务状态列表'),(5,'任务分组','sys_job_group','0','admin','2018-03-16 11:33:00','admin','2018-03-16 11:33:00','任务分组列表'),(6,'系统是否','sys_yes_no','0','admin','2018-03-16 11:33:00','admin','2018-03-16 11:33:00','系统是否列表'),(7,'通知类型','sys_notice_type','1','admin','2018-03-16 11:33:00','admin','2021-03-01 15:58:00','通知类型列表'),(8,'通知状态','sys_notice_status','0','admin','2018-03-16 11:33:00','admin','2018-03-16 11:33:00','通知状态列表'),(9,'操作类型','sys_oper_type','0','admin','2018-03-16 11:33:00','admin','2018-03-16 11:33:00','操作类型列表'),(10,'系统状态','sys_common_status','0','admin','2018-03-16 11:33:00','admin','2018-03-16 11:33:00','登录状态列表'),(11,'授权类型','sys_grant_type','0','admin','2018-03-16 11:33:00','admin','2018-03-16 11:33:00','授权类型列表'),(101,'用户状态','sys_user_status','0','admin','2021-03-08 17:29:47','',NULL,NULL);

/*Table structure for table `sys_job` */

DROP TABLE IF EXISTS `sys_job`;

CREATE TABLE `sys_job` (
  `job_id` bigint(20) NOT NULL AUTO_INCREMENT COMMENT '任务ID',
  `job_name` varchar(64) NOT NULL DEFAULT '' COMMENT '任务名称',
  `job_group` varchar(64) NOT NULL DEFAULT 'DEFAULT' COMMENT '任务组名',
  `invoke_target` varchar(500) NOT NULL COMMENT '调用目标字符串',
  `cron_expression` varchar(255) DEFAULT '' COMMENT 'cron执行表达式',
  `misfire_policy` varchar(20) DEFAULT '3' COMMENT '计划执行错误策略（1立即执行 2执行一次 3放弃执行）',
  `concurrent` char(1) DEFAULT '1' COMMENT '是否并发执行（0允许 1禁止）',
  `status` char(1) DEFAULT '0' COMMENT '状态（0正常 1暂停）',
  `create_by` varchar(64) DEFAULT '' COMMENT '创建者',
  `create_time` datetime DEFAULT NULL COMMENT '创建时间',
  `update_by` varchar(64) DEFAULT '' COMMENT '更新者',
  `update_time` datetime DEFAULT NULL COMMENT '更新时间',
  `remark` varchar(500) DEFAULT '' COMMENT '备注信息',
  PRIMARY KEY (`job_id`,`job_name`,`job_group`) USING BTREE
) ENGINE=InnoDB AUTO_INCREMENT=100 DEFAULT CHARSET=utf8 ROW_FORMAT=DYNAMIC COMMENT='定时任务调度表';

/*Data for the table `sys_job` */

insert  into `sys_job`(`job_id`,`job_name`,`job_group`,`invoke_target`,`cron_expression`,`misfire_policy`,`concurrent`,`status`,`create_by`,`create_time`,`update_by`,`update_time`,`remark`) values (1,'系统默认（无参）','DEFAULT','ryTask.ryNoParams','0/10 * * * * ?','3','1','1','admin','2018-03-16 11:33:00','admin','2018-03-16 11:33:00',''),(2,'系统默认（有参）','DEFAULT','ryTask.ryParams(\'ry\')','0/15 * * * * ?','3','1','1','admin','2018-03-16 11:33:00','admin','2018-03-16 11:33:00',''),(3,'系统默认（多参）','DEFAULT','ryTask.ryMultipleParams(\'ry\', true, 2000L, 316.50D, 100)','0/20 * * * * ?','3','1','1','admin','2018-03-16 11:33:00','admin','2018-03-16 11:33:00','');

/*Table structure for table `sys_job_log` */

DROP TABLE IF EXISTS `sys_job_log`;

CREATE TABLE `sys_job_log` (
  `job_log_id` bigint(20) NOT NULL AUTO_INCREMENT COMMENT '任务日志ID',
  `job_name` varchar(64) NOT NULL COMMENT '任务名称',
  `job_group` varchar(64) NOT NULL COMMENT '任务组名',
  `invoke_target` varchar(500) NOT NULL COMMENT '调用目标字符串',
  `job_message` varchar(500) DEFAULT NULL COMMENT '日志信息',
  `status` char(1) DEFAULT '0' COMMENT '执行状态（0正常 1失败）',
  `exception_info` varchar(2000) DEFAULT '' COMMENT '异常信息',
  `create_time` datetime DEFAULT NULL COMMENT '创建时间',
  PRIMARY KEY (`job_log_id`) USING BTREE
) ENGINE=InnoDB DEFAULT CHARSET=utf8 ROW_FORMAT=DYNAMIC COMMENT='定时任务调度日志表';

/*Data for the table `sys_job_log` */

/*Table structure for table `sys_logininfor` */

DROP TABLE IF EXISTS `sys_logininfor`;

CREATE TABLE `sys_logininfor` (
  `info_id` bigint(20) NOT NULL AUTO_INCREMENT COMMENT '访问ID',
  `user_name` varchar(50) DEFAULT '' COMMENT '用户账号',
  `ipaddr` varchar(50) DEFAULT '' COMMENT '登录IP地址',
  `status` char(1) DEFAULT '0' COMMENT '登录状态（0成功 1失败）',
  `msg` varchar(255) DEFAULT '' COMMENT '提示信息',
  `access_time` datetime DEFAULT NULL COMMENT '访问时间',
  PRIMARY KEY (`info_id`) USING BTREE
) ENGINE=InnoDB AUTO_INCREMENT=6185 DEFAULT CHARSET=utf8 ROW_FORMAT=DYNAMIC COMMENT='系统访问记录';

/*Data for the table `sys_logininfor` */

insert  into `sys_logininfor`(`info_id`,`user_name`,`ipaddr`,`status`,`msg`,`access_time`) values (191,'test','192.168.0.25','0','登录成功','2021-02-23 15:18:24'),(201,'test','192.168.0.25','0','登录成功','2021-02-23 15:20:15'),(211,'test','192.168.0.25','0','登录成功','2021-02-23 15:27:52'),(221,'admin','192.168.0.25','0','登录成功','2021-02-23 15:42:47'),(231,'admin','192.168.0.25','0','登录成功','2021-02-23 15:48:03'),(241,'admin','192.168.0.25','0','登录成功','2021-02-23 16:05:13'),(251,'admin','192.168.0.25','0','退出成功','2021-02-23 16:16:12'),(261,'admin','192.168.0.25','0','登录成功','2021-02-23 16:32:19'),(271,'admin','192.168.0.25','0','退出成功','2021-02-23 16:32:25'),(281,'admin','192.168.0.25','0','登录成功','2021-02-23 18:03:06'),(291,'admin','192.168.0.25','0','登录成功','2021-02-23 18:10:03'),(301,'admin','192.168.0.25','0','登录成功','2021-02-24 09:56:07'),(311,'admin','192.168.0.25','0','登录成功','2021-02-24 09:58:55'),(321,'admin','192.168.0.25','0','登录成功','2021-02-24 10:15:31'),(331,'test','192.168.0.25','1','电力户号手机号不在指定范围','2021-02-24 11:56:37'),(341,'test','192.168.0.25','1','电力户号手机号不在指定范围','2021-02-24 11:56:53'),(351,'test','192.168.0.25','1','电力户号手机号不在指定范围','2021-02-24 12:02:19'),(361,'test','192.168.0.25','0','登录成功','2021-02-24 12:11:09'),(371,'admin','192.168.0.25','0','登录成功','2021-02-24 12:38:42'),(381,'test','192.168.0.25','1','电力户号手机号不在指定范围','2021-02-24 12:50:29'),(391,'admin','192.168.0.25','0','登录成功','2021-02-24 16:49:22'),(401,'admin','192.168.0.25','0','登录成功','2021-02-24 19:05:22'),(411,'admin','192.168.0.25','0','登录成功','2021-02-24 19:09:58'),(421,'admin','192.168.0.25','0','登录成功','2021-02-25 09:42:50'),(431,'admin','192.168.0.25','0','登录成功','2021-02-25 09:43:45'),(441,'admin','192.168.0.25','0','退出成功','2021-02-25 09:46:43'),(451,'admin','192.168.0.25','0','登录成功','2021-02-25 09:48:05'),(461,'admin','192.168.0.25','0','登录成功','2021-02-25 09:52:37'),(471,'admin','192.168.0.25','0','登录成功','2021-02-25 09:55:29'),(481,'admin','192.168.0.25','0','登录成功','2021-02-25 10:03:41'),(491,'admin','192.168.0.25','0','登录成功','2021-02-25 10:24:23'),(501,'admin','192.168.0.25','0','登录成功','2021-02-25 10:55:21'),(511,'admin','192.168.0.25','0','退出成功','2021-02-25 11:07:05'),(521,'admin','192.168.0.25','0','登录成功','2021-02-25 11:07:37'),(531,'admin','192.168.0.25','0','退出成功','2021-02-25 11:11:27'),(541,'sxcs','192.168.0.25','0','登录成功','2021-02-25 11:11:35'),(551,'sxcs','192.168.0.25','0','退出成功','2021-02-25 11:13:52'),(561,'admin','192.168.0.25','0','登录成功','2021-02-25 11:24:59'),(571,'sxcs','192.168.0.25','0','登录成功','2021-02-25 11:25:48'),(581,'admin','192.168.0.25','0','退出成功','2021-02-25 11:28:28'),(591,'admin','192.168.0.25','0','登录成功','2021-02-25 11:32:53'),(601,'admin','192.168.0.25','0','登录成功','2021-02-25 11:33:10'),(611,'admin','192.168.0.25','0','退出成功','2021-02-25 11:38:48'),(621,'admin','192.168.0.25','0','登录成功','2021-02-25 11:39:52'),(631,'admin','192.168.0.25','0','登录成功','2021-02-25 11:41:43'),(641,'admin','192.168.0.25','0','登录成功','2021-02-25 11:54:52'),(651,'admin','192.168.0.25','0','登录成功','2021-02-25 13:51:44'),(661,'sxcs','192.168.0.25','0','登录成功','2021-02-25 14:07:26'),(671,'admin','192.168.0.25','0','登录成功','2021-02-25 14:10:58'),(681,'admin','192.168.0.25','0','退出成功','2021-02-25 14:11:04'),(691,'admin','192.168.0.25','0','登录成功','2021-02-25 14:11:11'),(701,'admin','192.168.0.25','0','退出成功','2021-02-25 14:11:16'),(711,'sxcs','192.168.0.25','0','登录成功','2021-02-25 14:11:29'),(721,'sxcs','192.168.0.25','0','退出成功','2021-02-25 14:11:51'),(731,'admin','192.168.0.25','0','登录成功','2021-02-25 14:14:14'),(741,'admin','192.168.0.25','0','退出成功','2021-02-25 14:24:55'),(751,'admin','192.168.0.25','0','登录成功','2021-02-25 14:25:02'),(761,'admin','192.168.0.25','0','退出成功','2021-02-25 14:27:50'),(771,'admin','192.168.0.25','0','登录成功','2021-02-25 14:35:25'),(781,'admin','192.168.0.25','0','登录成功','2021-02-25 14:58:03'),(791,'admin','192.168.0.25','0','登录成功','2021-02-25 15:47:08'),(801,'admin','192.168.0.25','0','登录成功','2021-02-25 16:11:46'),(811,'admin','192.168.0.25','0','登录成功','2021-02-25 17:33:24'),(821,'admin','192.168.0.25','0','登录成功','2021-02-25 17:36:02'),(831,'admin','192.168.0.25','0','退出成功','2021-02-25 17:57:17'),(841,'admin','192.168.0.25','0','登录成功','2021-02-25 18:08:03'),(851,'admin','192.168.0.25','0','退出成功','2021-02-25 18:45:27'),(861,'admin','192.168.0.25','0','登录成功','2021-02-25 18:45:40'),(871,'admin','192.168.0.25','0','退出成功','2021-02-25 18:48:00'),(881,'admin','192.168.0.25','0','登录成功','2021-02-25 18:48:13'),(891,'admin','192.168.0.25','0','登录成功','2021-02-25 18:55:46'),(901,'admin','192.168.0.25','0','退出成功','2021-02-25 19:23:21'),(911,'admin','192.168.0.25','0','登录成功','2021-02-25 19:23:28'),(921,'admin','192.168.0.25','0','退出成功','2021-02-25 20:30:20'),(931,'admin','192.168.0.25','0','登录成功','2021-02-25 20:34:32'),(941,'admin','192.168.0.25','0','登录成功','2021-02-25 21:27:18'),(951,'admin','192.168.0.25','0','退出成功','2021-02-25 21:35:09'),(961,'admin','192.168.0.25','0','登录成功','2021-02-25 21:40:27'),(971,'admin','192.168.0.25','0','退出成功','2021-02-25 21:40:39'),(981,'admin','192.168.0.25','0','登录成功','2021-02-25 22:17:31'),(991,'admin','192.168.0.25','0','退出成功','2021-02-25 22:33:26'),(1001,'admin','192.168.0.25','0','登录成功','2021-02-25 22:33:39'),(1011,'admin','192.168.0.25','0','登录成功','2021-02-25 23:05:16'),(1021,'admin','192.168.0.25','0','登录成功','2021-02-26 09:19:43'),(1031,'admin','192.168.0.25','0','登录成功','2021-02-26 09:26:49'),(1041,'admin','192.168.0.25','0','登录成功','2021-02-26 09:39:10'),(1051,'admin','192.168.0.25','0','登录成功','2021-02-26 09:46:31'),(1061,'admin','192.168.0.25','0','登录成功','2021-02-26 09:46:53'),(1071,'admin','192.168.0.25','0','登录成功','2021-02-26 09:49:34'),(1081,'sxcs','192.168.0.25','0','登录成功','2021-02-26 09:58:40'),(1091,'admin','192.168.0.25','0','登录成功','2021-02-26 10:06:51'),(1101,'admin','192.168.0.25','0','登录成功','2021-02-26 10:21:58'),(1111,'admin','192.168.0.25','0','登录成功','2021-02-26 10:22:27'),(1121,'admin','192.168.0.25','0','登录成功','2021-02-26 10:31:11'),(1131,'sxcs','192.168.0.25','0','登录成功','2021-02-26 10:59:06'),(1141,'admin','192.168.0.25','0','登录成功','2021-02-26 14:27:37'),(1151,'admin','192.168.0.25','0','登录成功','2021-02-26 14:47:51'),(1161,'sxcs','192.168.0.25','0','登录成功','2021-02-26 15:42:35'),(1171,'admin','192.168.0.25','0','退出成功','2021-02-26 15:58:40'),(1181,'admin','192.168.0.25','0','登录成功','2021-02-26 15:58:59'),(1191,'admin','192.168.0.25','0','登录成功','2021-02-26 16:05:10'),(1201,'admin','192.168.0.25','0','退出成功','2021-02-26 16:29:31'),(1211,'admin','192.168.0.25','0','登录成功','2021-02-26 16:29:52'),(1221,'admin','192.168.0.25','0','退出成功','2021-02-26 16:36:28'),(1231,'admin','192.168.0.25','0','登录成功','2021-02-26 16:36:42'),(1241,'admin','192.168.0.25','0','登录成功','2021-02-26 16:46:15'),(1251,'admin','192.168.0.25','0','登录成功','2021-02-26 18:08:45'),(1261,'admin','192.168.0.25','0','登录成功','2021-02-26 21:09:48'),(1271,'admin','192.168.0.25','0','登录成功','2021-02-27 11:12:28'),(1281,'admin','192.168.0.25','0','登录成功','2021-02-27 11:12:57'),(1291,'admin','192.168.0.25','0','登录成功','2021-02-27 19:07:26'),(1301,'admin','192.168.0.25','0','登录成功','2021-02-28 13:46:18'),(1311,'admin','192.168.0.25','0','登录成功','2021-02-28 13:46:33'),(1321,'admin','192.168.0.25','0','退出成功','2021-02-28 21:06:17'),(1331,'admin','192.168.0.25','0','登录成功','2021-02-28 21:06:27'),(1341,'sxcs','192.168.0.25','0','登录成功','2021-03-01 09:25:53'),(1351,'admin','192.168.0.25','0','登录成功','2021-03-01 09:42:06'),(1361,'admin','192.168.0.25','0','登录成功','2021-03-01 09:47:46'),(1371,'sxcs','192.168.0.25','0','退出成功','2021-03-01 09:48:10'),(1381,'admin','192.168.0.25','0','登录成功','2021-03-01 09:48:27'),(1391,'admin','192.168.0.25','0','登录成功','2021-03-01 09:49:22'),(1401,'admin','192.168.0.25','0','登录成功','2021-03-01 09:53:22'),(1411,'admin','192.168.0.25','0','登录成功','2021-03-01 09:57:23'),(1421,'admin','192.168.0.25','0','登录成功','2021-03-01 09:58:51'),(1431,'admin','192.168.0.25','0','登录成功','2021-03-01 10:02:23'),(1441,'admin','192.168.0.25','0','登录成功','2021-03-01 10:20:04'),(1451,'admin','192.168.0.25','0','登录成功','2021-03-01 10:36:30'),(1461,'admin','192.168.0.25','0','退出成功','2021-03-01 10:37:06'),(1471,'admin','192.168.0.25','0','登录成功','2021-03-01 10:37:15'),(1481,'admin','192.168.0.25','0','登录成功','2021-03-01 10:58:27'),(1491,'admin','192.168.0.25','0','登录成功','2021-03-01 11:01:09'),(1501,'admin','192.168.0.25','0','退出成功','2021-03-01 11:02:18'),(1511,'admin','192.168.0.25','0','登录成功','2021-03-01 11:02:29'),(1521,'admin','192.168.0.25','0','退出成功','2021-03-01 11:05:44'),(1531,'admin','192.168.0.25','0','登录成功','2021-03-01 11:05:55'),(1541,'admin','192.168.0.25','0','登录成功','2021-03-01 11:09:35'),(1551,'admin','192.168.0.25','0','登录成功','2021-03-01 11:14:11'),(1561,'admin','192.168.0.25','0','登录成功','2021-03-01 11:27:49'),(1571,'admin','192.168.0.25','0','登录成功','2021-03-01 11:43:44'),(1581,'admin','192.168.0.25','0','登录成功','2021-03-01 14:44:20'),(1591,'admin','192.168.0.25','0','登录成功','2021-03-01 15:28:09'),(1601,'admin','192.168.0.25','0','登录成功','2021-03-01 16:31:21'),(1611,'admin','192.168.0.25','0','退出成功','2021-03-01 18:29:30'),(1621,'admin','192.168.0.25','0','登录成功','2021-03-01 18:30:00'),(1631,'admin','192.168.0.25','0','登录成功','2021-03-01 18:30:15'),(1641,'admin','192.168.0.25','1','用户密码错误','2021-03-01 18:44:46'),(1651,'admin','192.168.0.25','1','用户密码错误','2021-03-01 18:44:57'),(1661,'admin','192.168.0.25','1','用户密码错误','2021-03-01 18:45:16'),(1671,'admin','192.168.0.25','1','用户密码错误','2021-03-01 18:45:48'),(1681,'ADMIN','192.168.0.25','0','登录成功','2021-03-01 18:46:43'),(1691,'admin','192.168.0.25','0','登录成功','2021-03-01 19:01:20'),(1701,'admin','192.168.0.25','0','登录成功','2021-03-01 19:05:47'),(1711,'admin','192.168.0.25','0','登录成功','2021-03-01 20:31:03'),(1721,'admin','192.168.0.25','0','退出成功','2021-03-01 20:31:23'),(1731,'admin','192.168.0.25','0','登录成功','2021-03-01 20:33:29'),(1741,'admin','192.168.0.25','1','用户密码错误','2021-03-01 20:49:17'),(1751,'admin','192.168.0.25','0','登录成功','2021-03-01 20:49:31'),(1761,'admin','192.168.0.25','1','用户密码错误','2021-03-01 23:00:36'),(1771,'admin','192.168.0.25','0','登录成功','2021-03-01 23:00:41'),(1781,'admin','192.168.0.25','0','退出成功','2021-03-01 23:09:16'),(1791,'sxcs','192.168.0.25','0','登录成功','2021-03-01 23:09:27'),(1801,'sxcs','192.168.0.25','0','登录成功','2021-03-02 09:14:36'),(1811,'sxcs','192.168.0.25','0','退出成功','2021-03-02 09:15:17'),(1821,'admin','192.168.0.25','0','登录成功','2021-03-02 09:15:31'),(1831,'admin','192.168.0.25','0','退出成功','2021-03-02 09:15:51'),(1841,'sxcs','192.168.0.25','0','登录成功','2021-03-02 09:16:04'),(1851,'sxcs','192.168.0.25','0','退出成功','2021-03-02 09:36:38'),(1861,'admin','192.168.0.25','0','登录成功','2021-03-02 09:37:22'),(1871,'admin','192.168.0.25','0','登录成功','2021-03-02 09:39:18'),(1881,'admin','192.168.0.25','0','登录成功','2021-03-02 09:42:17'),(1891,'admin','192.168.0.25','0','登录成功','2021-03-02 09:42:52'),(1901,'sxcs','192.168.0.25','0','登录成功','2021-03-02 09:49:55'),(1911,'sxcs','192.168.0.25','0','退出成功','2021-03-02 09:56:16'),(1921,'sxcs','192.168.0.25','0','登录成功','2021-03-02 09:56:30'),(1931,'sxcs','192.168.0.25','1','用户密码错误','2021-03-02 09:57:27'),(1941,'sxcs','192.168.0.25','1','用户密码错误','2021-03-02 09:57:35'),(1951,'sxcs','192.168.0.25','0','登录成功','2021-03-02 09:57:57'),(1961,'admin','192.168.0.25','0','登录成功','2021-03-02 10:00:34'),(1971,'admin','192.168.0.25','0','登录成功','2021-03-02 10:02:24'),(1981,'admin','192.168.0.25','1','用户密码错误','2021-03-02 10:02:38'),(1991,'admin','192.168.0.25','0','登录成功','2021-03-02 10:02:45'),(2001,'admin','192.168.0.25','0','退出成功','2021-03-02 10:04:00'),(2011,'admin','192.168.0.25','0','登录成功','2021-03-02 10:04:23'),(2021,'admin','192.168.0.25','0','登录成功','2021-03-02 10:11:41'),(2031,'admin','192.168.0.25','0','退出成功','2021-03-02 10:14:20'),(2041,'admin','192.168.0.25','0','登录成功','2021-03-02 10:14:38'),(2051,'admin','192.168.0.25','0','退出成功','2021-03-02 10:15:23'),(2061,'admin','192.168.0.25','0','登录成功','2021-03-02 10:15:37'),(2071,'admin','192.168.0.25','0','退出成功','2021-03-02 10:16:49'),(2081,'admin','192.168.0.25','0','登录成功','2021-03-02 10:17:54'),(2091,'admin','192.168.0.25','0','登录成功','2021-03-02 10:18:16'),(2101,'admin','192.168.0.25','0','退出成功','2021-03-02 10:22:39'),(2111,'admin','192.168.0.25','0','登录成功','2021-03-02 10:22:48'),(2121,'admin','192.168.0.25','0','登录成功','2021-03-02 10:24:41'),(2131,'admin','192.168.0.25','0','退出成功','2021-03-02 10:27:26'),(2141,'sxcs','192.168.0.25','0','登录成功','2021-03-02 10:27:43'),(2151,'admin','192.168.0.25','0','登录成功','2021-03-02 10:42:40'),(2161,'sxcs','192.168.0.25','0','登录成功','2021-03-02 10:46:34'),(2171,'sxcs','192.168.0.25','1','用户密码错误','2021-03-02 10:57:09'),(2181,'sxcs','192.168.0.25','0','登录成功','2021-03-02 10:57:32'),(2191,'admin','192.168.0.25','0','登录成功','2021-03-02 10:58:39'),(2201,'sxcs','192.168.0.25','0','登录成功','2021-03-02 11:07:14'),(2211,'admin','192.168.0.25','0','登录成功','2021-03-02 11:30:55'),(2221,'admin','192.168.0.25','0','登录成功','2021-03-02 11:48:27'),(2231,'admin','192.168.0.25','0','退出成功','2021-03-02 11:51:42'),(2241,'sxcs','192.168.0.25','0','登录成功','2021-03-02 11:51:55'),(2251,'sxcs','192.168.0.25','0','登录成功','2021-03-02 13:46:40'),(2261,'admin','192.168.0.25','0','登录成功','2021-03-02 14:14:43'),(2271,'sxcs','192.168.0.25','0','登录成功','2021-03-02 15:07:46'),(2281,'sxcs','192.168.0.25','0','登录成功','2021-03-02 15:08:25'),(2291,'admin','192.168.0.25','0','登录成功','2021-03-02 15:08:39'),(2301,'sxcs','192.168.0.25','0','登录成功','2021-03-02 15:09:50'),(2311,'sxcs','192.168.0.25','0','登录成功','2021-03-02 15:41:09'),(2321,'admin','192.168.0.25','0','登录成功','2021-03-02 16:01:09'),(2331,'sxcs','192.168.0.25','0','登录成功','2021-03-02 16:05:35'),(2341,'admin','192.168.0.25','0','退出成功','2021-03-02 16:06:32'),(2351,'sxcs','192.168.0.25','0','登录成功','2021-03-02 16:06:56'),(2361,'sxcs','192.168.0.25','0','退出成功','2021-03-02 16:07:36'),(2371,'sxcs','192.168.0.25','0','登录成功','2021-03-02 16:11:11'),(2381,'admin','192.168.0.25','0','登录成功','2021-03-02 16:35:17'),(2391,'admin','192.168.0.25','0','登录成功','2021-03-02 16:44:02'),(2401,'admin','192.168.137.1','0','登录成功','2021-03-02 16:59:19'),(2411,'admin','192.168.137.1','0','登录成功','2021-03-02 17:02:45'),(2421,'admin','192.168.0.25','0','登录成功','2021-03-02 17:27:46'),(2431,'admin','192.168.137.1','0','退出成功','2021-03-02 17:40:10'),(2441,'test','192.168.137.1','1','对不起，您的账号已被删除','2021-03-02 17:40:19'),(2451,'admin','192.168.137.1','0','登录成功','2021-03-02 17:41:43'),(2461,'admin','192.168.137.1','0','退出成功','2021-03-02 17:42:30'),(2471,'test2','192.168.137.1','0','登录成功','2021-03-02 17:42:36'),(2481,'sxcs','192.168.0.25','0','登录成功','2021-03-02 19:05:47'),(2491,'sxcs','192.168.0.25','0','退出成功','2021-03-02 19:05:59'),(2501,'sxcs','192.168.0.25','0','登录成功','2021-03-02 19:07:30'),(2511,'admin','192.168.0.25','0','登录成功','2021-03-03 09:36:43'),(2521,'admin','192.168.0.25','0','登录成功','2021-03-03 09:57:50'),(2531,'admin','192.168.0.25','0','登录成功','2021-03-03 09:59:45'),(2541,'admin','192.168.0.25','0','登录成功','2021-03-03 10:01:57'),(2551,'test2','192.168.137.1','0','登录成功','2021-03-03 10:08:36'),(2561,'sxcs','192.168.0.25','0','登录成功','2021-03-03 10:30:32'),(2571,'admin','192.168.0.25','0','登录成功','2021-03-03 10:40:50'),(2581,'admin','192.168.0.25','0','登录成功','2021-03-03 11:15:05'),(2591,'admin','192.168.0.25','0','退出成功','2021-03-03 11:39:48'),(2601,'admin','192.168.0.25','0','登录成功','2021-03-03 11:39:54'),(2611,'admin','192.168.0.25','0','退出成功','2021-03-03 11:40:18'),(2621,'admin','192.168.0.25','0','登录成功','2021-03-03 11:40:22'),(2631,'admin','192.168.0.25','0','退出成功','2021-03-03 11:41:43'),(2641,'admin','192.168.0.25','0','登录成功','2021-03-03 11:41:47'),(2651,'admin','192.168.0.25','0','登录成功','2021-03-03 11:44:38'),(2661,'admin','192.168.0.25','0','退出成功','2021-03-03 11:47:41'),(2671,'admin','192.168.0.25','0','登录成功','2021-03-03 11:49:30'),(2681,'admin','192.168.0.25','0','登录成功','2021-03-03 11:57:21'),(2691,'admin','192.168.0.25','0','退出成功','2021-03-03 11:57:51'),(2701,'admin','192.168.0.25','0','登录成功','2021-03-03 11:57:58'),(2711,'admin','192.168.0.25','0','退出成功','2021-03-03 11:58:44'),(2721,'admin','192.168.0.25','0','登录成功','2021-03-03 11:58:54'),(2731,'admin','192.168.0.25','1','用户密码错误','2021-03-03 12:50:36'),(2741,'admin','192.168.0.25','0','登录成功','2021-03-03 12:50:42'),(2751,'sxcs','192.168.0.25','0','登录成功','2021-03-03 14:07:28'),(2761,'admin','192.168.0.25','0','登录成功','2021-03-03 14:12:57'),(2771,'admin','192.168.0.25','0','退出成功','2021-03-03 14:14:49'),(2781,'sxcs','192.168.0.25','1','用户密码错误','2021-03-03 14:16:54'),(2791,'sxcs','192.168.0.25','1','用户密码错误','2021-03-03 14:17:04'),(2801,'admin','192.168.0.25','0','登录成功','2021-03-03 14:17:10'),(2811,'admin','192.168.0.25','0','登录成功','2021-03-03 14:18:27'),(2821,'sxcs','192.168.0.25','0','登录成功','2021-03-03 14:21:12'),(2831,'admin','192.168.0.25','0','登录成功','2021-03-03 14:30:06'),(2841,'sxcs','192.168.0.25','0','登录成功','2021-03-03 14:39:18'),(2851,'admin','192.168.0.25','0','登录成功','2021-03-03 15:06:09'),(2861,'admin','192.168.0.25','0','登录成功','2021-03-03 15:29:40'),(2871,'admin','192.168.0.25','0','退出成功','2021-03-03 15:29:57'),(2881,'admin','192.168.0.25','0','登录成功','2021-03-03 15:32:45'),(2891,'admin','192.168.0.25','0','退出成功','2021-03-03 16:05:30'),(2901,'sxcs','192.168.0.25','0','登录成功','2021-03-03 16:06:55'),(2911,'sxcs','192.168.0.25','0','登录成功','2021-03-03 16:22:29'),(2921,'sxcs','192.168.0.25','0','登录成功','2021-03-03 16:29:52'),(2931,'admin','192.168.0.25','0','登录成功','2021-03-03 17:00:21'),(2941,'admin','192.168.0.25','0','登录成功','2021-03-03 18:55:17'),(2951,'admin','192.168.0.25','0','登录成功','2021-03-03 21:29:32'),(2961,'admin','192.168.0.25','0','登录成功','2021-03-04 09:31:30'),(2971,'admin','192.168.0.25','0','登录成功','2021-03-04 09:35:03'),(2981,'sxcs','192.168.0.25','0','登录成功','2021-03-04 09:39:28'),(2991,'admin','192.168.0.25','0','登录成功','2021-03-04 09:45:02'),(3001,'admin','192.168.0.25','0','登录成功','2021-03-04 10:01:25'),(3011,'admin','192.168.0.25','0','登录成功','2021-03-04 10:02:14'),(3021,'admin','192.168.0.25','0','登录成功','2021-03-04 10:13:00'),(3031,'sxcs','192.168.0.25','0','登录成功','2021-03-04 10:33:14'),(3041,'test2','192.168.0.25','0','登录成功','2021-03-04 10:48:24'),(3051,'test2','192.168.137.1','0','登录成功','2021-03-04 10:53:54'),(3061,'admin','192.168.0.25','1','用户密码错误','2021-03-04 11:38:22'),(3071,'admin','192.168.0.25','0','登录成功','2021-03-04 11:38:29'),(3081,'admin','192.168.0.25','0','退出成功','2021-03-04 11:38:36'),(3091,'test2','192.168.137.1','0','退出成功','2021-03-04 11:42:47'),(3101,'admin','192.168.137.1','0','登录成功','2021-03-04 11:42:58'),(3111,'admin','192.168.137.1','0','退出成功','2021-03-04 11:47:51'),(3121,'test2','192.168.137.1','0','登录成功','2021-03-04 11:47:57'),(3131,'test2','192.168.137.1','0','退出成功','2021-03-04 11:49:09'),(3141,'admin','192.168.137.1','0','登录成功','2021-03-04 11:49:23'),(3151,'admin','192.168.137.1','0','退出成功','2021-03-04 11:50:28'),(3161,'test2','192.168.137.1','0','登录成功','2021-03-04 11:50:36'),(3171,'test2','192.168.137.1','0','退出成功','2021-03-04 11:50:44'),(3181,'test3','192.168.137.1','0','登录成功','2021-03-04 11:50:51'),(3191,'admin','192.168.0.25','0','登录成功','2021-03-04 12:11:42'),(3201,'admin','192.168.0.25','0','登录成功','2021-03-04 12:19:52'),(3211,'admin','192.168.0.25','0','登录成功','2021-03-04 13:57:01'),(3221,'sxcs','192.168.0.25','0','登录成功','2021-03-04 14:11:57'),(3231,'admin','192.168.0.25','0','登录成功','2021-03-04 14:21:03'),(3241,'admin','192.168.0.25','0','退出成功','2021-03-04 14:30:46'),(3251,'test2','192.168.0.25','0','登录成功','2021-03-04 14:30:55'),(3261,'sxcs','192.168.0.25','0','登录成功','2021-03-04 14:32:42'),(3271,'admin','192.168.0.25','0','登录成功','2021-03-04 14:47:13'),(3281,'admin','172.21.100.3','1','用户密码错误','2021-03-04 14:58:33'),(3291,'admin','172.21.100.3','1','用户密码错误','2021-03-04 14:58:39'),(3301,'admin','172.21.100.3','0','登录成功','2021-03-04 14:58:49'),(3311,'admin','172.21.100.3','0','退出成功','2021-03-04 14:59:01'),(3321,'test2','172.21.100.3','0','登录成功','2021-03-04 14:59:09'),(3331,'test3','172.21.100.3','0','登录成功','2021-03-04 15:00:57'),(3341,'sxcs','192.168.0.25','0','登录成功','2021-03-04 15:06:53'),(3351,'admin','192.168.0.25','0','登录成功','2021-03-04 15:07:08'),(3361,'sxcs','192.168.0.25','0','退出成功','2021-03-04 15:07:11'),(3371,'admin','192.168.0.25','0','登录成功','2021-03-04 15:07:18'),(3381,'admin','192.168.0.25','0','退出成功','2021-03-04 15:16:03'),(3391,'tjy','192.168.0.25','0','登录成功','2021-03-04 15:16:11'),(3401,'admin','192.168.0.25','0','登录成功','2021-03-04 15:58:52'),(3411,'admin','192.168.0.25','0','登录成功','2021-03-04 16:25:12'),(3421,'sxcs','192.168.0.25','0','登录成功','2021-03-04 16:25:56'),(3431,'admin','192.168.0.25','0','登录成功','2021-03-04 16:43:27'),(3441,'admin','192.168.0.25','0','登录成功','2021-03-04 16:45:07'),(3451,'admin','192.168.0.25','0','登录成功','2021-03-04 17:18:58'),(3461,'admin','192.168.0.25','0','登录成功','2021-03-04 17:47:27'),(3471,'admin','192.168.0.25','0','退出成功','2021-03-04 18:07:22'),(3481,'admin','192.168.0.25','0','登录成功','2021-03-04 18:07:27'),(3491,'tjy','192.168.0.25','0','退出成功','2021-03-04 18:12:17'),(3501,'admin','192.168.0.25','0','登录成功','2021-03-04 18:12:24'),(3511,'admin','192.168.0.25','0','退出成功','2021-03-04 18:12:34'),(3521,'admin','192.168.0.25','0','登录成功','2021-03-04 18:12:51'),(3531,'admin','192.168.0.25','0','退出成功','2021-03-04 18:16:01'),(3541,'admin','192.168.0.25','0','登录成功','2021-03-04 18:16:09'),(3551,'admin','192.168.0.25','0','退出成功','2021-03-04 18:23:44'),(3561,'admin','192.168.0.25','0','登录成功','2021-03-04 18:23:47'),(3571,'admin','192.168.0.25','0','退出成功','2021-03-04 18:26:13'),(3581,'admin','192.168.0.25','0','登录成功','2021-03-04 18:26:20'),(3591,'admin','192.168.0.25','0','登录成功','2021-03-04 19:43:53'),(3601,'sxcs','192.168.0.25','0','登录成功','2021-03-04 20:18:40'),(3611,'sxcs','192.168.0.25','0','登录成功','2021-03-05 08:29:50'),(3621,'sxcs','192.168.0.25','0','登录成功','2021-03-05 08:46:06'),(3631,'admin','192.168.0.25','0','登录成功','2021-03-05 09:36:44'),(3641,'admin','192.168.0.25','0','登录成功','2021-03-05 09:38:12'),(3651,'admin','192.168.0.25','0','登录成功','2021-03-05 10:05:05'),(3661,'admin','192.168.0.25','0','登录成功','2021-03-05 10:07:02'),(3671,'admin','192.168.0.25','0','登录成功','2021-03-05 10:09:07'),(3681,'admin','192.168.0.25','0','登录成功','2021-03-05 10:10:20'),(3691,'admin','192.168.0.25','0','退出成功','2021-03-05 10:13:14'),(3701,'sxcs','192.168.0.25','1','用户密码错误','2021-03-05 10:14:41'),(3711,'sxcs','192.168.0.25','0','登录成功','2021-03-05 10:15:12'),(3721,'sxcs','192.168.0.25','0','登录成功','2021-03-05 10:17:20'),(3731,'admin','192.168.0.25','1','用户密码错误','2021-03-05 10:44:05'),(3741,'admin','192.168.0.25','0','登录成功','2021-03-05 10:44:12'),(3751,'admin','172.19.3.88','0','登录成功','2021-03-05 10:45:27'),(3761,'admin','172.19.3.88','0','退出成功','2021-03-05 10:47:42'),(3771,'admin','172.19.3.88','0','登录成功','2021-03-05 10:47:49'),(3781,'admin','172.19.3.88','0','登录成功','2021-03-05 11:01:45'),(3791,'admin','192.168.0.25','0','登录成功','2021-03-05 11:02:53'),(3801,'admin','172.19.3.88','0','退出成功','2021-03-05 11:09:26'),(3811,'admin','172.19.3.88','0','登录成功','2021-03-05 11:09:33'),(3821,'admin','192.168.0.25','0','登录成功','2021-03-05 11:52:12'),(3831,'admin','172.19.3.88','0','退出成功','2021-03-05 11:52:39'),(3841,'admin','172.19.3.88','0','登录成功','2021-03-05 11:52:46'),(3851,'admin','172.19.3.88','0','退出成功','2021-03-05 11:52:50'),(3861,'admin','172.19.3.88','1','用户密码错误','2021-03-05 11:52:58'),(3871,'admin','192.168.0.25','0','退出成功','2021-03-05 12:46:33'),(3881,'admin','192.168.0.25','0','登录成功','2021-03-05 12:46:36'),(3891,'sxcs','192.168.0.25','0','登录成功','2021-03-05 14:07:13'),(3901,'admin','192.168.0.25','0','登录成功','2021-03-05 14:14:42'),(3911,'admin','172.19.3.88','0','登录成功','2021-03-05 14:30:33'),(3921,'admin','172.19.3.88','0','退出成功','2021-03-05 14:38:43'),(3931,'tjy','172.19.3.88','0','登录成功','2021-03-05 14:39:17'),(3941,'tjy','172.19.3.88','1','用户密码错误','2021-03-05 14:39:32'),(3951,'tjy','172.19.3.88','0','登录成功','2021-03-05 14:39:42'),(3961,'tjy','172.19.3.88','0','登录成功','2021-03-05 14:40:00'),(3971,'tjy','172.19.3.88','0','登录成功','2021-03-05 14:42:36'),(3981,'sxcs','192.168.0.25','0','登录成功','2021-03-05 15:00:09'),(3991,'tjy','172.19.3.88','0','登录成功','2021-03-05 15:02:18'),(4001,'admin','192.168.0.25','0','登录成功','2021-03-05 15:02:28'),(4011,'tjy','172.19.3.88','0','登录成功','2021-03-05 15:02:37'),(4021,'admin','192.168.0.25','0','登录成功','2021-03-05 15:02:46'),(4031,'tjy','172.19.3.88','0','登录成功','2021-03-05 15:03:06'),(4041,'tjy','172.19.3.88','0','登录成功','2021-03-05 15:07:40'),(4051,'admin','192.168.0.25','0','登录成功','2021-03-05 15:27:54'),(4061,'tjy','172.19.3.88','0','登录成功','2021-03-05 15:29:00'),(4071,'tjy','172.19.3.88','0','退出成功','2021-03-05 15:29:09'),(4081,'admin','172.19.3.88','0','登录成功','2021-03-05 15:29:20'),(4091,'admin','172.19.3.88','0','退出成功','2021-03-05 15:30:07'),(4101,'tjy','172.19.3.88','0','登录成功','2021-03-05 15:30:17'),(4111,'tjy','172.19.3.88','0','登录成功','2021-03-05 15:31:40'),(4121,'tjy','172.19.3.88','0','退出成功','2021-03-05 15:33:43'),(4131,'tjy','172.19.3.88','0','登录成功','2021-03-05 15:33:53'),(4141,'tjy','172.19.3.88','0','退出成功','2021-03-05 15:56:25'),(4151,'tjy','172.19.3.88','0','登录成功','2021-03-05 15:56:48'),(4161,'tjy','172.19.3.88','0','登录成功','2021-03-05 15:59:07'),(4171,'sxcs','192.168.0.25','0','登录成功','2021-03-05 16:00:37'),(4181,'sxcs','192.168.0.25','0','退出成功','2021-03-05 16:00:56'),(4191,'admin','192.168.0.25','0','登录成功','2021-03-05 16:01:03'),(4201,'tjy','172.19.3.88','0','退出成功','2021-03-05 16:05:28'),(4211,'admin','172.19.3.88','0','登录成功','2021-03-05 16:05:35'),(4221,'admin','172.19.3.88','0','退出成功','2021-03-05 16:32:21'),(4231,'admin','172.19.3.88','1','用户密码错误','2021-03-05 16:32:27'),(4241,'tjy001','172.19.3.88','1','用户密码错误','2021-03-05 16:32:32'),(4251,'tjy001','172.19.3.88','0','登录成功','2021-03-05 16:32:38'),(4261,'tjy001','172.19.3.88','0','登录成功','2021-03-05 16:33:03'),(4271,'admin','192.168.0.25','0','登录成功','2021-03-05 16:38:18'),(4281,'admin','192.168.0.25','0','登录成功','2021-03-05 16:41:58'),(4291,'tjy001','172.19.3.88','0','退出成功','2021-03-05 17:00:39'),(4301,'tjy001','172.19.3.88','0','登录成功','2021-03-05 17:00:50'),(4311,'tjy001','172.19.3.88','0','退出成功','2021-03-05 17:01:36'),(4321,'tjy001','172.19.3.88','0','登录成功','2021-03-05 17:01:44'),(4331,'admin','192.168.0.25','0','登录成功','2021-03-05 17:17:40'),(4341,'admin','192.168.0.25','0','退出成功','2021-03-05 17:34:33'),(4351,'sxcs','192.168.0.25','0','登录成功','2021-03-05 17:34:39'),(4361,'admin','192.168.0.25','0','登录成功','2021-03-05 17:42:26'),(4371,'tjy001','172.19.3.88','0','退出成功','2021-03-05 17:49:22'),(4381,'admin','172.19.3.88','0','登录成功','2021-03-05 17:49:32'),(4391,'admin','192.168.0.25','0','退出成功','2021-03-05 17:57:56'),(4401,'sxcs','192.168.0.25','0','登录成功','2021-03-05 18:18:02'),(4411,'admin','192.168.0.25','0','登录成功','2021-03-05 18:24:38'),(4421,'sxcs','192.168.0.25','0','登录成功','2021-03-05 18:30:22'),(4431,'admin','192.168.0.25','0','登录成功','2021-03-05 19:32:16'),(4441,'sxcs','192.168.0.25','0','登录成功','2021-03-05 20:13:21'),(4451,'sxcs','192.168.0.25','0','登录成功','2021-03-06 08:57:24'),(4461,'admin','192.168.0.25','0','登录成功','2021-03-06 09:48:02'),(4471,'admin','192.168.0.25','0','登录成功','2021-03-06 10:03:38'),(4481,'sxcs','192.168.0.25','0','退出成功','2021-03-06 10:17:43'),(4491,'sxcs','192.168.0.25','0','登录成功','2021-03-06 10:17:57'),(4501,'sxcs','192.168.0.25','0','登录成功','2021-03-06 10:53:45'),(4511,'admin','192.168.0.25','0','登录成功','2021-03-06 10:59:48'),(4521,'admin','192.168.0.25','0','登录成功','2021-03-06 11:00:18'),(4531,'admin','192.168.0.25','0','退出成功','2021-03-06 13:12:30'),(4541,'sxcs','192.168.0.25','0','登录成功','2021-03-06 13:29:53'),(4551,'sxcs','192.168.0.25','0','登录成功','2021-03-06 13:32:10'),(4561,'sxcs','192.168.0.25','0','退出成功','2021-03-06 13:44:47'),(4571,'admin','192.168.0.25','0','登录成功','2021-03-06 13:44:56'),(4581,'admin','192.168.0.25','0','登录成功','2021-03-06 13:52:37'),(4591,'admin','192.168.0.25','0','退出成功','2021-03-06 13:57:50'),(4601,'sxcs','192.168.0.25','0','登录成功','2021-03-06 13:57:56'),(4611,'sxcs','192.168.0.25','0','登录成功','2021-03-06 14:10:10'),(4621,'sxcs','192.168.0.25','0','登录成功','2021-03-06 14:34:54'),(4631,'sxcs','192.168.0.25','0','登录成功','2021-03-06 15:04:09'),(4641,'sxcs','192.168.0.25','0','登录成功','2021-03-06 17:21:09'),(4651,'sxcs','192.168.0.25','0','登录成功','2021-03-06 17:22:54'),(4661,'sxcs','192.168.0.25','0','登录成功','2021-03-06 17:33:18'),(4671,'sxcs','192.168.0.25','0','登录成功','2021-03-06 17:54:59'),(4681,'sxcs','192.168.0.25','0','登录成功','2021-03-06 18:56:26'),(4691,'sxcs','192.168.0.25','0','登录成功','2021-03-06 19:09:06'),(4701,'sxcs','192.168.0.25','0','登录成功','2021-03-06 19:27:07'),(4711,'sxcs','192.168.0.25','0','登录成功','2021-03-06 19:50:15'),(4721,'sxcs','192.168.0.25','0','登录成功','2021-03-06 20:01:48'),(4731,'sxcs','192.168.0.25','0','退出成功','2021-03-06 20:49:12'),(4741,'admin','192.168.0.25','0','登录成功','2021-03-08 09:35:20'),(4751,'sxcs','192.168.0.25','0','登录成功','2021-03-08 10:01:41'),(4761,'admin','192.168.0.25','0','登录成功','2021-03-08 10:31:52'),(4771,'admin','192.168.0.25','0','登录成功','2021-03-08 10:54:35'),(4781,'sxcs','192.168.0.25','0','登录成功','2021-03-08 10:58:54'),(4791,'admin','192.168.0.25','0','登录成功','2021-03-08 10:59:27'),(4801,'admin','192.168.0.25','0','退出成功','2021-03-08 11:00:23'),(4811,'app_01','192.168.0.25','1','用户密码不在指定范围','2021-03-08 11:00:33'),(4821,'app_001','192.168.0.25','1','用户密码不在指定范围','2021-03-08 11:00:52'),(4831,'app_001','192.168.0.25','1','用户密码错误','2021-03-08 11:01:04'),(4841,'admin','192.168.0.25','0','登录成功','2021-03-08 11:01:13'),(4851,'admin','192.168.0.25','0','登录成功','2021-03-08 11:03:30'),(4861,'app_001','192.168.0.25','1','用户密码不在指定范围','2021-03-08 11:03:33'),(4871,'app_001','192.168.0.25','0','登录成功','2021-03-08 11:11:51'),(4881,'admin','192.168.0.25','0','登录成功','2021-03-08 11:20:50'),(4891,'admin','172.20.10.4','0','登录成功','2021-03-08 11:28:23'),(4901,'admin','192.168.0.25','0','登录成功','2021-03-08 14:21:49'),(4911,'admin','192.168.0.25','0','登录成功','2021-03-08 15:12:50'),(4921,'admin','192.168.0.25','0','登录成功','2021-03-08 15:13:07'),(4931,'admin','192.168.0.25','0','登录成功','2021-03-08 15:14:00'),(4941,'admin','172.19.3.88','0','退出成功','2021-03-08 16:24:21'),(4951,'tjy','172.19.3.88','0','登录成功','2021-03-08 16:24:29'),(4961,'tjy','172.19.3.88','1','用户密码错误','2021-03-08 16:25:02'),(4971,'tjy','172.19.3.88','1','用户密码错误','2021-03-08 16:25:19'),(4981,'tjy','172.19.3.88','1','用户密码错误','2021-03-08 16:25:23'),(4991,'tjy','172.19.3.88','1','用户密码错误','2021-03-08 16:25:35'),(5001,'tjy','172.19.3.88','1','用户密码错误','2021-03-08 16:27:57'),(5011,'tjy','172.19.3.88','1','用户密码错误','2021-03-08 16:29:19'),(5021,'tjy','172.19.3.88','1','用户密码错误','2021-03-08 16:31:08'),(5031,'tjy','172.19.3.88','1','用户密码错误','2021-03-08 16:31:16'),(5041,'tjy','172.19.3.88','1','用户密码错误','2021-03-08 16:31:24'),(5051,'admin','172.19.3.88','0','登录成功','2021-03-08 16:37:28'),(5061,'admin','172.19.3.88','0','退出成功','2021-03-08 16:39:46'),(5071,'tjy','172.19.3.88','1','对不起，您的账号已锁定','2021-03-08 16:39:59'),(5081,'tjy','172.19.3.88','1','用户密码错误','2021-03-08 16:41:56'),(5091,'tjy','172.19.3.88','1','用户密码错误','2021-03-08 16:42:12'),(5101,'tjy','172.19.3.88','1','用户密码错误','2021-03-08 16:42:18'),(5111,'tjy','172.19.3.88','1','用户密码错误','2021-03-08 16:42:23'),(5121,'tjy','172.19.3.88','1','用户密码错误','2021-03-08 16:42:31'),(5131,'tjy','172.19.3.88','1','用户密码错误','2021-03-08 16:43:37'),(5141,'tjy','172.19.3.88','1','用户密码错误','2021-03-08 16:43:41'),(5151,'tjy','172.19.3.88','1','用户密码错误','2021-03-08 16:43:44'),(5161,'tjy','172.19.3.88','1','用户密码错误','2021-03-08 16:43:54'),(5171,'tjy','172.19.3.88','1','用户密码错误','2021-03-08 16:45:41'),(5181,'tjy','172.19.3.88','0','登录成功','2021-03-08 16:45:49'),(5191,'tjy','172.19.3.88','0','退出成功','2021-03-08 16:45:59'),(5201,'tjy','172.19.3.88','1','用户密码错误','2021-03-08 16:46:10'),(5211,'tjy','172.19.3.88','1','用户密码错误','2021-03-08 16:46:30'),(5221,'tjy','172.19.3.88','1','用户密码错误','2021-03-08 16:46:34'),(5231,'admin','172.19.3.88','0','登录成功','2021-03-08 16:48:29'),(5241,'admin','172.19.3.88','0','退出成功','2021-03-08 16:54:49'),(5251,'tjy','172.19.3.88','1','用户密码错误','2021-03-08 16:55:00'),(5261,'tjy','172.19.3.88','1','用户密码错误','2021-03-08 16:55:03'),(5271,'tjy','172.19.3.88','0','登录成功','2021-03-08 16:55:11'),(5281,'tjy','172.19.3.88','0','退出成功','2021-03-08 16:55:16'),(5291,'tjy','172.19.3.88','1','用户密码错误','2021-03-08 16:55:24'),(5301,'tjy','172.19.3.88','1','用户密码错误','2021-03-08 16:55:28'),(5311,'tjy','172.19.3.88','1','用户密码错误','2021-03-08 16:55:36'),(5321,'tjy','172.19.3.88','1','用户密码错误','2021-03-08 16:55:46'),(5331,'tjy','172.19.3.88','1','用户密码错误','2021-03-08 17:00:51'),(5341,'tjy','172.19.3.88','1','用户密码错误','2021-03-08 17:00:58'),(5351,'admin','172.19.3.88','0','登录成功','2021-03-08 17:01:09'),(5361,'admin','172.19.3.88','0','退出成功','2021-03-08 17:01:37'),(5371,'admin','172.19.3.88','0','登录成功','2021-03-08 17:03:40'),(5381,'admin','192.168.137.1','0','登录成功','2021-03-08 17:39:23'),(5391,'admin','172.19.3.88','0','退出成功','2021-03-08 18:08:08'),(5401,'tjy','172.19.3.88','1','用户密码错误','2021-03-08 18:08:20'),(5411,'tjy','172.19.3.88','1','用户密码错误','2021-03-08 18:08:24'),(5421,'tjy','172.19.3.88','1','用户密码错误','2021-03-08 18:08:28'),(5431,'tjy','172.19.3.88','1','用户密码错误','2021-03-08 18:08:32'),(5441,'tjy','172.19.3.88','1','用户密码错误','2021-03-08 18:08:41'),(5451,'tjy','172.19.3.88','0','登录成功','2021-03-08 18:11:53'),(5461,'tjy','172.19.3.88','0','退出成功','2021-03-08 18:14:18'),(5471,'tjy','172.19.3.88','0','登录成功','2021-03-08 18:14:28'),(5481,'tjy','172.19.3.88','0','退出成功','2021-03-08 18:14:33'),(5491,'tjy','172.19.3.88','1','用户密码错误','2021-03-08 18:14:40'),(5501,'tjy','172.19.3.88','1','用户密码错误','2021-03-08 18:14:44'),(5511,'tjy','172.19.3.88','1','用户密码错误','2021-03-08 18:14:47'),(5521,'tjy','172.19.3.88','1','用户密码错误','2021-03-08 18:14:54'),(5531,'tjy','172.19.3.88','1','用户密码错误','2021-03-08 18:15:02'),(5541,'tjy','172.19.3.88','1','用户密码错误','2021-03-08 18:21:25'),(5551,'tjy','172.19.3.88','1','用户密码错误','2021-03-08 18:22:57'),(5561,'tjy','172.19.3.88','1','用户密码错误','2021-03-08 18:24:39'),(5571,'tjy','172.19.3.88','1','用户密码错误','2021-03-08 18:26:14'),(5581,'tjy','172.19.3.88','1','用户密码错误','2021-03-08 18:26:52'),(5591,'tjy','172.19.3.88','1','用户密码错误','2021-03-08 18:27:02'),(5601,'tjy','172.19.3.88','1','用户密码错误','2021-03-08 18:27:11'),(5611,'tjy','172.19.3.88','1','用户已锁定','2021-03-08 18:27:20'),(5621,'tjy','172.19.3.88','0','登录成功','2021-03-08 18:27:45'),(5631,'tjy','172.19.3.88','0','退出成功','2021-03-08 18:27:54'),(5641,'tjy','172.19.3.88','0','登录成功','2021-03-08 18:28:10'),(5651,'tjy','172.19.3.88','0','退出成功','2021-03-08 18:29:26'),(5661,'admin','172.19.3.88','0','登录成功','2021-03-08 18:29:36'),(5671,'sxcs','192.168.0.25','0','登录成功','2021-03-09 09:40:48'),(5681,'admin','192.168.0.25','0','登录成功','2021-03-09 09:52:20'),(5691,'admin','172.21.100.3','0','登录成功','2021-03-09 09:58:57'),(5701,'admin','172.21.100.3','0','登录成功','2021-03-09 10:22:04'),(5711,'admin','172.21.100.3','0','登录成功','2021-03-09 10:23:16'),(5721,'sxcs','192.168.0.25','0','登录成功','2021-03-09 10:34:39'),(5731,'admin','172.19.3.88','0','登录成功','2021-03-09 10:37:55'),(5741,'admin','192.168.0.25','0','登录成功','2021-03-09 10:56:49'),(5751,'sxcs','192.168.0.25','0','登录成功','2021-03-09 11:02:51'),(5761,'admin','172.19.3.88','0','退出成功','2021-03-09 11:37:59'),(5771,'admin','172.19.3.88','0','登录成功','2021-03-09 11:38:07'),(5781,'admin','192.168.0.25','0','退出成功','2021-03-09 11:41:29'),(5791,'admin','192.168.0.25','0','退出成功','2021-03-09 11:41:29'),(5801,'admin','192.168.0.25','0','登录成功','2021-03-09 11:41:36'),(5811,'admin','192.168.0.25','0','退出成功','2021-03-09 11:42:11'),(5821,'admin','192.168.0.25','0','登录成功','2021-03-09 12:22:56'),(5831,'admin','192.168.0.25','0','登录成功','2021-03-09 13:58:26'),(5841,'app_001','192.168.0.25','0','登录成功','2021-03-09 14:26:04'),(5851,'app_001','192.168.0.25','0','登录成功','2021-03-09 14:26:04'),(5861,'app_001','192.168.0.25','0','登录成功','2021-03-09 14:26:06'),(5871,'admin','192.168.0.25','0','退出成功','2021-03-09 14:36:55'),(5881,'app_001','192.168.0.25','0','登录成功','2021-03-09 14:57:19'),(5891,'admin','192.168.0.25','0','登录成功','2021-03-09 15:19:16'),(5901,'app_001','192.168.0.25','0','登录成功','2021-03-09 15:21:28'),(5911,'app_001','192.168.0.25','0','登录成功','2021-03-09 15:21:51'),(5921,'app_001','192.168.0.25','0','登录成功','2021-03-09 15:22:31'),(5931,'admin','172.19.3.88','0','登录成功','2021-03-09 16:04:51'),(5941,'admin','172.19.3.88','0','退出成功','2021-03-09 16:31:43'),(5951,'admin','172.19.3.88','0','登录成功','2021-03-09 16:31:55'),(5961,'admin','172.19.3.88','0','退出成功','2021-03-09 16:47:25'),(5971,'admin','172.19.3.88','0','登录成功','2021-03-09 16:47:43'),(5981,'admin','172.19.3.88','0','退出成功','2021-03-09 17:13:47'),(5991,'admin','172.19.3.88','1','用户密码错误','2021-03-09 17:14:15'),(6001,'admin','172.19.3.88','1','用户密码错误','2021-03-09 17:19:18'),(6011,'admin','172.19.3.88','1','用户密码错误','2021-03-09 17:20:58'),(6021,'admin','172.19.3.88','1','用户密码错误','2021-03-09 17:21:01'),(6031,'admin','172.19.3.88','0','登录成功','2021-03-09 17:21:47'),(6041,'admin','172.19.3.88','0','退出成功','2021-03-09 17:26:50'),(6051,'admin','172.19.3.88','0','登录成功','2021-03-09 17:27:06'),(6061,'admin','172.19.3.88','0','退出成功','2021-03-09 17:36:39'),(6071,'admin','172.19.3.88','1','用户密码错误','2021-03-09 17:36:50'),(6081,'admin','172.19.3.88','0','登录成功','2021-03-09 17:37:28'),(6091,'admin','172.19.3.88','0','退出成功','2021-03-09 17:37:28'),(6101,'admin','172.19.3.88','0','登录成功','2021-03-09 17:41:57'),(6111,'admin','192.168.0.25','0','登录成功','2021-03-09 17:43:45'),(6121,'admin','172.19.3.88','0','登录成功','2021-03-09 17:57:58'),(6131,'sxcs','192.168.0.25','0','登录成功','2021-03-10 11:40:48'),(6141,'admin','192.168.0.25','0','登录成功','2021-03-10 11:43:14'),(6151,'admin','172.19.3.88','0','登录成功','2021-03-10 14:28:19'),(6161,'admin','192.168.0.25','0','登录成功','2021-03-10 16:32:49'),(6171,'admin','172.16.1.2','1','用户密码错误','2021-03-16 01:47:13'),(6172,'admin','172.16.1.2','0','登录成功','2021-03-16 01:47:25'),(6173,'admin','172.16.1.2','0','登录成功','2021-03-16 01:58:15'),(6174,'admin','172.16.1.2','0','登录成功','2021-03-16 02:02:13'),(6175,'admin','172.16.1.2','0','登录成功','2021-03-16 02:23:31'),(6176,'admin','172.16.1.2','0','退出成功','2021-03-16 02:39:38'),(6177,'admin','172.16.1.2','0','登录成功','2021-03-16 02:39:48'),(6178,'admin','172.16.1.2','0','登录成功','2021-03-16 09:43:19'),(6179,'sxcs','172.16.1.2','0','登录成功','2021-03-16 09:51:19'),(6180,'admin','172.16.1.2','0','登录成功','2021-03-16 10:14:36'),(6181,'sxcs','172.16.1.2','0','登录成功','2021-03-16 11:00:13'),(6182,'sxcs','172.16.1.2','0','登录成功','2021-03-16 11:01:21'),(6183,'sxcs','172.16.1.2','0','登录成功','2021-03-16 11:04:24'),(6184,'sxcs','172.16.1.2','0','登录成功','2021-03-16 11:10:27');

/*Table structure for table `sys_menu` */

DROP TABLE IF EXISTS `sys_menu`;

CREATE TABLE `sys_menu` (
  `menu_id` bigint(20) NOT NULL AUTO_INCREMENT COMMENT '菜单ID',
  `menu_name` varchar(50) NOT NULL COMMENT '菜单名称',
  `parent_id` bigint(20) DEFAULT '0' COMMENT '父菜单ID',
  `order_num` int(11) DEFAULT '0' COMMENT '显示顺序',
  `path` varchar(200) DEFAULT '' COMMENT '路由地址',
  `component` varchar(255) DEFAULT NULL COMMENT '组件路径',
  `is_frame` int(11) DEFAULT '1' COMMENT '是否为外链（0是 1否）',
  `is_cache` int(11) DEFAULT '0' COMMENT '是否缓存（0缓存 1不缓存）',
  `menu_type` char(1) DEFAULT '' COMMENT '菜单类型（M目录 C菜单 F按钮）',
  `visible` char(1) DEFAULT '0' COMMENT '菜单状态（0显示 1隐藏）',
  `status` char(1) DEFAULT '0' COMMENT '菜单状态（0正常 1停用）',
  `perms` varchar(100) DEFAULT NULL COMMENT '权限标识',
  `icon` varchar(100) DEFAULT '#' COMMENT '菜单图标',
  `create_by` varchar(64) DEFAULT '' COMMENT '创建者',
  `create_time` datetime DEFAULT NULL COMMENT '创建时间',
  `update_by` varchar(64) DEFAULT '' COMMENT '更新者',
  `update_time` datetime DEFAULT NULL COMMENT '更新时间',
  `remark` varchar(500) DEFAULT '' COMMENT '备注',
  PRIMARY KEY (`menu_id`) USING BTREE
) ENGINE=InnoDB AUTO_INCREMENT=2221 DEFAULT CHARSET=utf8 ROW_FORMAT=DYNAMIC COMMENT='菜单权限表';

/*Data for the table `sys_menu` */

insert  into `sys_menu`(`menu_id`,`menu_name`,`parent_id`,`order_num`,`path`,`component`,`is_frame`,`is_cache`,`menu_type`,`visible`,`status`,`perms`,`icon`,`create_by`,`create_time`,`update_by`,`update_time`,`remark`) values (1,'系统管理',0,98,'system',NULL,1,0,'M','0','0','','system','admin','2018-03-16 11:33:00','admin','2021-01-25 16:33:47','系统管理目录'),(2,'系统监控',0,99,'monitor',NULL,1,0,'M','1','0','','monitor','admin','2018-03-16 11:33:00','admin','2021-03-16 09:44:47','系统监控目录'),(3,'系统工具',0,100,'tool',NULL,1,0,'M','0','0','','tool','admin','2018-03-16 11:33:00','admin','2021-01-25 16:33:59','系统工具目录'),(100,'用户管理',1,1,'user','system/user/index',1,0,'C','0','0','system:user:list','user','admin','2018-03-16 11:33:00','ry','2018-03-16 11:33:00','用户管理菜单'),(101,'角色管理',1,2,'role','system/role/index',1,0,'C','0','0','system:role:list','peoples','admin','2018-03-16 11:33:00','ry','2018-03-16 11:33:00','角色管理菜单'),(102,'菜单管理',1,3,'menu','system/menu/index',1,0,'C','0','0','system:menu:list','tree-table','admin','2018-03-16 11:33:00','ry','2018-03-16 11:33:00','菜单管理菜单'),(103,'部门管理',1,4,'dept','system/dept/index',1,0,'C','0','0','system:dept:list','tree','admin','2018-03-16 11:33:00','ry','2018-03-16 11:33:00','部门管理菜单'),(104,'岗位管理',1,5,'post','system/post/index',1,0,'C','0','0','system:post:list','post','admin','2018-03-16 11:33:00','ry','2018-03-16 11:33:00','岗位管理菜单'),(105,'字典管理',1,6,'dict','system/dict/index',1,0,'C','0','0','system:dict:list','dict','admin','2018-03-16 11:33:00','ry','2018-03-16 11:33:00','字典管理菜单'),(106,'参数设置',1,7,'config','system/config/index',1,0,'C','0','0','system:config:list','edit','admin','2018-03-16 11:33:00','ry','2018-03-16 11:33:00','参数设置菜单'),(107,'通知公告',1,9,'notice','system/notice/index',1,0,'C','0','0','system:notice:list','message','admin','2018-03-16 11:33:00','ry','2018-03-16 11:33:00','通知公告菜单'),(108,'日志管理',1,10,'log','',1,0,'M','0','0','','log','admin','2018-03-16 11:33:00','ry','2018-03-16 11:33:00','日志管理菜单'),(109,'在线用户',2,1,'online','monitor/online/index',1,0,'C','0','0','monitor:online:list','online','admin','2018-03-16 11:33:00','ry','2018-03-16 11:33:00','在线用户菜单'),(110,'定时任务',2,2,'job','monitor/job/index',1,0,'C','0','0','monitor:job:list','job','admin','2018-03-16 11:33:00','ry','2018-03-16 11:33:00','定时任务菜单'),(111,'Sentinel控制台',2,3,'http://localhost:8718','',1,0,'C','0','0','monitor:sentinel:list','sentinel','admin','2018-03-16 11:33:00','ry','2018-03-16 11:33:00','流量控制菜单'),(112,'Nacos控制台',2,4,'http://localhost:8848/nacos','',1,0,'C','0','0','monitor:nacos:list','nacos','admin','2018-03-16 11:33:00','ry','2018-03-16 11:33:00','服务治理菜单'),(113,'Admin控制台',2,5,'http://localhost:9100/login','',1,0,'C','0','0','monitor:server:list','server','admin','2018-03-16 11:33:00','ry','2018-03-16 11:33:00','服务监控菜单'),(114,'表单构建',3,1,'build','tool/build/index',1,0,'C','1','0','tool:build:list','build','admin','2018-03-16 11:33:00','admin','2021-03-16 09:44:11','表单构建菜单'),(115,'代码生成',3,2,'gen','tool/gen/index',1,0,'C','1','0','tool:gen:list','code','admin','2018-03-16 11:33:00','admin','2021-03-16 09:44:17','代码生成菜单'),(116,'系统接口',3,3,'http://localhost:8080/swagger-ui.html','',1,0,'C','1','0','tool:swagger:list','swagger','admin','2018-03-16 11:33:00','admin','2021-03-16 09:44:23','系统接口菜单'),(500,'操作日志',108,1,'operlog','system/operlog/index',1,0,'C','0','0','system:operlog:list','form','admin','2018-03-16 11:33:00','ry','2018-03-16 11:33:00','操作日志菜单'),(501,'登录日志',108,2,'logininfor','system/logininfor/index',1,0,'C','0','0','system:logininfor:list','logininfor','admin','2018-03-16 11:33:00','ry','2018-03-16 11:33:00','登录日志菜单'),(1001,'用户查询',100,1,'','',1,0,'F','0','0','system:user:query','#','admin','2018-03-16 11:33:00','ry','2018-03-16 11:33:00',''),(1002,'用户新增',100,2,'','',1,0,'F','0','0','system:user:add','#','admin','2018-03-16 11:33:00','ry','2018-03-16 11:33:00',''),(1003,'用户修改',100,3,'','',1,0,'F','0','0','system:user:edit','#','admin','2018-03-16 11:33:00','ry','2018-03-16 11:33:00',''),(1004,'用户删除',100,4,'','',1,0,'F','0','0','system:user:remove','#','admin','2018-03-16 11:33:00','ry','2018-03-16 11:33:00',''),(1005,'用户导出',100,5,'','',1,0,'F','0','0','system:user:export','#','admin','2018-03-16 11:33:00','ry','2018-03-16 11:33:00',''),(1006,'用户导入',100,6,'','',1,0,'F','0','0','system:user:import','#','admin','2018-03-16 11:33:00','ry','2018-03-16 11:33:00',''),(1007,'重置密码',100,7,'','',1,0,'F','0','0','system:user:resetPwd','#','admin','2018-03-16 11:33:00','ry','2018-03-16 11:33:00',''),(1008,'角色查询',101,1,'','',1,0,'F','0','0','system:role:query','#','admin','2018-03-16 11:33:00','ry','2018-03-16 11:33:00',''),(1009,'角色新增',101,2,'','',1,0,'F','0','0','system:role:add','#','admin','2018-03-16 11:33:00','ry','2018-03-16 11:33:00',''),(1010,'角色修改',101,3,'','',1,0,'F','0','0','system:role:edit','#','admin','2018-03-16 11:33:00','ry','2018-03-16 11:33:00',''),(1011,'角色删除',101,4,'','',1,0,'F','0','0','system:role:remove','#','admin','2018-03-16 11:33:00','ry','2018-03-16 11:33:00',''),(1012,'角色导出',101,5,'','',1,0,'F','0','0','system:role:export','#','admin','2018-03-16 11:33:00','ry','2018-03-16 11:33:00',''),(1013,'菜单查询',102,1,'','',1,0,'F','0','0','system:menu:query','#','admin','2018-03-16 11:33:00','ry','2018-03-16 11:33:00',''),(1014,'菜单新增',102,2,'','',1,0,'F','0','0','system:menu:add','#','admin','2018-03-16 11:33:00','ry','2018-03-16 11:33:00',''),(1015,'菜单修改',102,3,'','',1,0,'F','0','0','system:menu:edit','#','admin','2018-03-16 11:33:00','ry','2018-03-16 11:33:00',''),(1016,'菜单删除',102,4,'','',1,0,'F','0','0','system:menu:remove','#','admin','2018-03-16 11:33:00','ry','2018-03-16 11:33:00',''),(1017,'部门查询',103,1,'','',1,0,'F','0','0','system:dept:query','#','admin','2018-03-16 11:33:00','ry','2018-03-16 11:33:00',''),(1018,'部门新增',103,2,'','',1,0,'F','0','0','system:dept:add','#','admin','2018-03-16 11:33:00','ry','2018-03-16 11:33:00',''),(1019,'部门修改',103,3,'','',1,0,'F','0','0','system:dept:edit','#','admin','2018-03-16 11:33:00','ry','2018-03-16 11:33:00',''),(1020,'部门删除',103,4,'','',1,0,'F','0','0','system:dept:remove','#','admin','2018-03-16 11:33:00','ry','2018-03-16 11:33:00',''),(1021,'岗位查询',104,1,'','',1,0,'F','0','0','system:post:query','#','admin','2018-03-16 11:33:00','ry','2018-03-16 11:33:00',''),(1022,'岗位新增',104,2,'','',1,0,'F','0','0','system:post:add','#','admin','2018-03-16 11:33:00','ry','2018-03-16 11:33:00',''),(1023,'岗位修改',104,3,'','',1,0,'F','0','0','system:post:edit','#','admin','2018-03-16 11:33:00','ry','2018-03-16 11:33:00',''),(1024,'岗位删除',104,4,'','',1,0,'F','0','0','system:post:remove','#','admin','2018-03-16 11:33:00','ry','2018-03-16 11:33:00',''),(1025,'岗位导出',104,5,'','',1,0,'F','0','0','system:post:export','#','admin','2018-03-16 11:33:00','ry','2018-03-16 11:33:00',''),(1026,'字典查询',105,1,'#','',1,0,'F','0','0','system:dict:query','#','admin','2018-03-16 11:33:00','ry','2018-03-16 11:33:00',''),(1027,'字典新增',105,2,'#','',1,0,'F','0','0','system:dict:add','#','admin','2018-03-16 11:33:00','ry','2018-03-16 11:33:00',''),(1028,'字典修改',105,3,'#','',1,0,'F','0','0','system:dict:edit','#','admin','2018-03-16 11:33:00','ry','2018-03-16 11:33:00',''),(1029,'字典删除',105,4,'#','',1,0,'F','0','0','system:dict:remove','#','admin','2018-03-16 11:33:00','ry','2018-03-16 11:33:00',''),(1030,'字典导出',105,5,'#','',1,0,'F','0','0','system:dict:export','#','admin','2018-03-16 11:33:00','ry','2018-03-16 11:33:00',''),(1031,'参数查询',106,1,'#','',1,0,'F','0','0','system:config:query','#','admin','2018-03-16 11:33:00','ry','2018-03-16 11:33:00',''),(1032,'参数新增',106,2,'#','',1,0,'F','0','0','system:config:add','#','admin','2018-03-16 11:33:00','ry','2018-03-16 11:33:00',''),(1033,'参数修改',106,3,'#','',1,0,'F','0','0','system:config:edit','#','admin','2018-03-16 11:33:00','ry','2018-03-16 11:33:00',''),(1034,'参数删除',106,4,'#','',1,0,'F','0','0','system:config:remove','#','admin','2018-03-16 11:33:00','ry','2018-03-16 11:33:00',''),(1035,'参数导出',106,5,'#','',1,0,'F','0','0','system:config:export','#','admin','2018-03-16 11:33:00','ry','2018-03-16 11:33:00',''),(1041,'公告查询',107,1,'#','',1,0,'F','0','0','system:notice:query','#','admin','2018-03-16 11:33:00','ry','2018-03-16 11:33:00',''),(1042,'公告新增',107,2,'#','',1,0,'F','0','0','system:notice:add','#','admin','2018-03-16 11:33:00','ry','2018-03-16 11:33:00',''),(1043,'公告修改',107,3,'#','',1,0,'F','0','0','system:notice:edit','#','admin','2018-03-16 11:33:00','ry','2018-03-16 11:33:00',''),(1044,'公告删除',107,4,'#','',1,0,'F','0','0','system:notice:remove','#','admin','2018-03-16 11:33:00','ry','2018-03-16 11:33:00',''),(1045,'操作查询',500,1,'#','',1,0,'F','0','0','system:operlog:query','#','admin','2018-03-16 11:33:00','ry','2018-03-16 11:33:00',''),(1046,'操作删除',500,2,'#','',1,0,'F','0','0','system:operlog:remove','#','admin','2018-03-16 11:33:00','ry','2018-03-16 11:33:00',''),(1047,'日志导出',500,4,'#','',1,0,'F','0','0','system:operlog:export','#','admin','2018-03-16 11:33:00','ry','2018-03-16 11:33:00',''),(1048,'登录查询',501,1,'#','',1,0,'F','0','0','system:logininfor:query','#','admin','2018-03-16 11:33:00','ry','2018-03-16 11:33:00',''),(1049,'登录删除',501,2,'#','',1,0,'F','0','0','system:logininfor:remove','#','admin','2018-03-16 11:33:00','ry','2018-03-16 11:33:00',''),(1050,'日志导出',501,3,'#','',1,0,'F','0','0','system:logininfor:export','#','admin','2018-03-16 11:33:00','ry','2018-03-16 11:33:00',''),(1051,'在线查询',109,1,'#','',1,0,'F','0','0','monitor:online:query','#','admin','2018-03-16 11:33:00','ry','2018-03-16 11:33:00',''),(1052,'批量强退',109,2,'#','',1,0,'F','0','0','monitor:online:batchLogout','#','admin','2018-03-16 11:33:00','ry','2018-03-16 11:33:00',''),(1053,'单条强退',109,3,'#','',1,0,'F','0','0','monitor:online:forceLogout','#','admin','2018-03-16 11:33:00','ry','2018-03-16 11:33:00',''),(1054,'任务查询',110,1,'#','',1,0,'F','0','0','monitor:job:query','#','admin','2018-03-16 11:33:00','ry','2018-03-16 11:33:00',''),(1055,'任务新增',110,2,'#','',1,0,'F','0','0','monitor:job:add','#','admin','2018-03-16 11:33:00','ry','2018-03-16 11:33:00',''),(1056,'任务修改',110,3,'#','',1,0,'F','0','0','monitor:job:edit','#','admin','2018-03-16 11:33:00','ry','2018-03-16 11:33:00',''),(1057,'任务删除',110,4,'#','',1,0,'F','0','0','monitor:job:remove','#','admin','2018-03-16 11:33:00','ry','2018-03-16 11:33:00',''),(1058,'状态修改',110,5,'#','',1,0,'F','0','0','monitor:job:changeStatus','#','admin','2018-03-16 11:33:00','ry','2018-03-16 11:33:00',''),(1059,'任务导出',110,7,'#','',1,0,'F','0','0','monitor:job:export','#','admin','2018-03-16 11:33:00','ry','2018-03-16 11:33:00',''),(1060,'生成查询',115,1,'#','',1,0,'F','0','0','tool:gen:query','#','admin','2018-03-16 11:33:00','ry','2018-03-16 11:33:00',''),(1061,'生成修改',115,2,'#','',1,0,'F','0','0','tool:gen:edit','#','admin','2018-03-16 11:33:00','ry','2018-03-16 11:33:00',''),(1062,'生成删除',115,3,'#','',1,0,'F','0','0','tool:gen:remove','#','admin','2018-03-16 11:33:00','ry','2018-03-16 11:33:00',''),(1063,'导入代码',115,2,'#','',1,0,'F','0','0','tool:gen:import','#','admin','2018-03-16 11:33:00','ry','2018-03-16 11:33:00',''),(1064,'预览代码',115,4,'#','',1,0,'F','0','0','tool:gen:preview','#','admin','2018-03-16 11:33:00','ry','2018-03-16 11:33:00',''),(1065,'生成代码',115,5,'#','',1,0,'F','0','0','tool:gen:code','#','admin','2018-03-16 11:33:00','ry','2018-03-16 11:33:00',''),(2031,'DEMO',0,0,'demo',NULL,1,0,'M','1','0','','example','admin','2021-02-23 15:50:33','admin','2021-03-16 09:43:55',''),(2041,'demo列表',2031,0,'pageList','demo/pages/demo/pageList',1,0,'C','0','0','','example','admin','2021-02-23 15:51:54','admin','2021-02-23 16:52:09',''),(2051,'站点管理',0,2,'site',NULL,1,0,'M','0','0','','form','admin','2021-02-24 13:45:47','admin','2021-03-03 10:32:02',''),(2061,'站点档案管理',2051,1,'siteManage','esp/pagesp/siteManage/siteManage',1,0,'C','0','0','','#','admin','2021-02-24 13:48:09','admin','2021-03-03 10:32:19',''),(2071,'邀约管理',0,4,'offerManagement/',NULL,1,0,'M','0','0','','user','admin','2021-02-25 09:47:20','admin','2021-03-01 10:43:47',''),(2081,'邀约结果',2071,1,'invitationResults','esp/pages/invitationResults/invitationResults',1,0,'C','0','0',NULL,'#','admin','2021-02-25 09:49:56','',NULL,''),(2091,'日前出清',2071,2,'voidance','esp/pages/voidance/voidance',1,0,'C','0','0',NULL,'#','admin','2021-02-25 09:51:23','',NULL,''),(2101,'邀约制定',2071,0,'/InvitationMaking','esp/pages/InvitationManagement/InvitationMaking',1,0,'C','0','0','','#','admin','2021-02-26 16:06:59','admin','2021-02-26 16:09:04',''),(2111,'基准负荷',0,5,'basisLoad/',NULL,1,0,'M','0','0','','dict','admin','2021-03-01 10:33:55','admin','2021-03-01 10:43:41',''),(2121,'营销参考负荷',2111,1,'/marketLoad','esp/pages/basisLoad/marketLoad',1,0,'C','0','0','marketLoad','#','admin','2021-03-01 10:36:35','',NULL,''),(2131,'资源监测',0,3,'resourceMonitoring',NULL,1,0,'M','0','0','','chart','admin','2021-03-01 10:38:56','admin','2021-03-01 10:44:02',''),(2141,'负荷偏差对比',2111,2,'/deviationComparison','esp/pages/referenceLoad/deviationComparison',1,0,'C','0','0','deviationComparison','#','admin','2021-03-01 10:41:13','',NULL,''),(2151,'资源监测',2131,1,'resourceMonitoringIndex','esp/pages/resourceMonitoring/resourceMonitoringIndex',1,0,'C','0','0',NULL,'#','admin','2021-03-01 10:42:50','',NULL,''),(2161,'站点月用电量',2051,2,'siteMonthElectrity','esp/pages/InvitationManagement/InvitationMaking',1,0,'C','0','0','','#','admin','2021-03-01 19:22:34','admin','2021-03-01 19:23:22',''),(2181,'附件模板',3,10,'template','demo/pages/demo/template',1,0,'C','0','0','tool:template:list','input','admin','2021-03-04 12:14:19','admin','2021-03-04 12:52:23',''),(2191,'获取用户名称',2041,1,'',NULL,1,0,'F','0','0','ecdr:demo:getUserInfo','#','admin','2021-03-04 14:25:30','',NULL,''),(2201,'微信小程序接口',0,999,'wechat:all',NULL,1,0,'M','1','0',NULL,'wechat','admin','2021-03-08 10:57:35','',NULL,''),(2211,'获取事件列表',2201,1,'/v1/getEventList',NULL,1,0,'C','1','0',NULL,'#','admin','2021-03-08 10:59:02','',NULL,'');

/*Table structure for table `sys_notice` */

DROP TABLE IF EXISTS `sys_notice`;

CREATE TABLE `sys_notice` (
  `notice_id` int(11) NOT NULL AUTO_INCREMENT COMMENT '公告ID',
  `notice_title` varchar(50) NOT NULL COMMENT '公告标题',
  `notice_type` char(1) NOT NULL COMMENT '公告类型（1通知 2公告）',
  `notice_content` longblob COMMENT '公告内容',
  `status` char(1) DEFAULT '0' COMMENT '公告状态（0正常 1关闭）',
  `create_by` varchar(64) DEFAULT '' COMMENT '创建者',
  `create_time` datetime DEFAULT NULL COMMENT '创建时间',
  `update_by` varchar(64) DEFAULT '' COMMENT '更新者',
  `update_time` datetime DEFAULT NULL COMMENT '更新时间',
  `remark` varchar(255) DEFAULT NULL COMMENT '备注',
  PRIMARY KEY (`notice_id`) USING BTREE
) ENGINE=InnoDB AUTO_INCREMENT=10 DEFAULT CHARSET=utf8 ROW_FORMAT=DYNAMIC COMMENT='通知公告表';

/*Data for the table `sys_notice` */

/*Table structure for table `sys_oper_log` */

DROP TABLE IF EXISTS `sys_oper_log`;

CREATE TABLE `sys_oper_log` (
  `oper_id` bigint(20) NOT NULL AUTO_INCREMENT COMMENT '日志主键',
  `title` varchar(50) DEFAULT '' COMMENT '模块标题',
  `business_type` int(11) DEFAULT '0' COMMENT '业务类型（0其它 1新增 2修改 3删除）',
  `method` varchar(100) DEFAULT '' COMMENT '方法名称',
  `request_method` varchar(10) DEFAULT '' COMMENT '请求方式',
  `operator_type` int(11) DEFAULT '0' COMMENT '操作类别（0其它 1后台用户 2手机端用户）',
  `oper_name` varchar(50) DEFAULT '' COMMENT '操作人员',
  `dept_name` varchar(50) DEFAULT '' COMMENT '部门名称',
  `oper_url` varchar(255) DEFAULT '' COMMENT '请求URL',
  `oper_ip` varchar(50) DEFAULT '' COMMENT '主机地址',
  `oper_location` varchar(255) DEFAULT '' COMMENT '操作地点',
  `oper_param` varchar(2000) DEFAULT '' COMMENT '请求参数',
  `json_result` varchar(2000) DEFAULT '' COMMENT '返回参数',
  `status` int(11) DEFAULT '0' COMMENT '操作状态（0正常 1异常）',
  `error_msg` varchar(2000) DEFAULT '' COMMENT '错误消息',
  `oper_time` datetime DEFAULT NULL COMMENT '操作时间',
  PRIMARY KEY (`oper_id`) USING BTREE
) ENGINE=InnoDB AUTO_INCREMENT=1997 DEFAULT CHARSET=utf8 ROW_FORMAT=DYNAMIC COMMENT='操作日志记录';

/*Data for the table `sys_oper_log` */

insert  into `sys_oper_log`(`oper_id`,`title`,`business_type`,`method`,`request_method`,`operator_type`,`oper_name`,`dept_name`,`oper_url`,`oper_ip`,`oper_location`,`oper_param`,`json_result`,`status`,`error_msg`,`oper_time`) values (171,'菜单管理',1,'com.ruoyi.system.controller.SysMenuController.add()','POST',1,'admin',NULL,'/menu','172.19.3.88','','{\"visible\":\"0\",\"icon\":\"example\",\"orderNum\":\"0\",\"menuName\":\"DEMO\",\"params\":{},\"parentId\":0,\"isCache\":\"0\",\"path\":\"/demo/pageList\",\"createBy\":\"admin\",\"children\":[],\"isFrame\":\"1\",\"menuType\":\"M\",\"status\":\"0\"}','{\"msg\":\"操作成功\",\"code\":200}',0,NULL,'2021-02-23 15:50:34'),(181,'菜单管理',2,'com.ruoyi.system.controller.SysMenuController.edit()','PUT',1,'admin',NULL,'/menu','172.19.3.88','','{\"visible\":\"0\",\"icon\":\"example\",\"orderNum\":\"0\",\"menuName\":\"DEMO\",\"params\":{},\"parentId\":0,\"isCache\":\"0\",\"path\":\" \",\"children\":[],\"createTime\":1614066633000,\"updateBy\":\"admin\",\"isFrame\":\"1\",\"menuId\":2031,\"menuType\":\"M\",\"perms\":\"\",\"status\":\"0\"}','{\"msg\":\"操作成功\",\"code\":200}',0,NULL,'2021-02-23 15:51:17'),(191,'菜单管理',1,'com.ruoyi.system.controller.SysMenuController.add()','POST',1,'admin',NULL,'/menu','172.19.3.88','','{\"visible\":\"0\",\"icon\":\"example\",\"orderNum\":\"0\",\"menuName\":\"demo列表\",\"params\":{},\"parentId\":2031,\"isCache\":\"0\",\"path\":\"/demo/pageList\",\"createBy\":\"admin\",\"children\":[],\"isFrame\":\"1\",\"menuType\":\"M\",\"status\":\"0\"}','{\"msg\":\"操作成功\",\"code\":200}',0,NULL,'2021-02-23 15:51:54'),(201,'菜单管理',2,'com.ruoyi.system.controller.SysMenuController.edit()','PUT',1,'admin',NULL,'/menu','172.19.3.88','','{\"visible\":\"0\",\"icon\":\"example\",\"orderNum\":\"0\",\"menuName\":\"demo列表\",\"params\":{},\"parentId\":2031,\"isCache\":\"0\",\"path\":\"demo/pages/demo/pageList\",\"children\":[],\"createTime\":1614066714000,\"updateBy\":\"admin\",\"isFrame\":\"1\",\"menuId\":2041,\"menuType\":\"M\",\"perms\":\"\",\"status\":\"0\"}','{\"msg\":\"操作成功\",\"code\":200}',0,NULL,'2021-02-23 16:51:21'),(211,'菜单管理',2,'com.ruoyi.system.controller.SysMenuController.edit()','PUT',1,'admin',NULL,'/menu','172.19.3.88','','{\"visible\":\"0\",\"icon\":\"example\",\"orderNum\":\"0\",\"menuName\":\"demo列表\",\"params\":{},\"parentId\":2031,\"isCache\":\"0\",\"path\":\"pageList\",\"component\":\"demo/pages/demo/pageList\",\"children\":[],\"createTime\":1614066714000,\"updateBy\":\"admin\",\"isFrame\":\"1\",\"menuId\":2041,\"menuType\":\"C\",\"perms\":\"\",\"status\":\"0\"}','{\"msg\":\"操作成功\",\"code\":200}',0,NULL,'2021-02-23 16:52:09'),(221,'菜单管理',2,'com.ruoyi.system.controller.SysMenuController.edit()','PUT',1,'admin',NULL,'/menu','172.19.3.88','','{\"visible\":\"0\",\"icon\":\"example\",\"orderNum\":\"0\",\"menuName\":\"DEMO\",\"params\":{},\"parentId\":0,\"isCache\":\"0\",\"path\":\" demo\",\"children\":[],\"createTime\":1614066633000,\"updateBy\":\"admin\",\"isFrame\":\"1\",\"menuId\":2031,\"menuType\":\"M\",\"perms\":\"\",\"status\":\"0\"}','{\"msg\":\"操作成功\",\"code\":200}',0,NULL,'2021-02-23 16:52:37'),(231,'菜单管理',2,'com.ruoyi.system.controller.SysMenuController.edit()','PUT',1,'admin',NULL,'/menu','172.19.3.88','','{\"visible\":\"0\",\"icon\":\"example\",\"orderNum\":\"0\",\"menuName\":\"DEMO\",\"params\":{},\"parentId\":0,\"isCache\":\"0\",\"path\":\"demo\",\"children\":[],\"createTime\":1614066633000,\"updateBy\":\"admin\",\"isFrame\":\"1\",\"menuId\":2031,\"menuType\":\"M\",\"perms\":\"\",\"status\":\"0\"}','{\"msg\":\"操作成功\",\"code\":200}',0,NULL,'2021-02-23 16:54:04'),(241,'菜单管理',1,'com.ruoyi.system.controller.SysMenuController.add()','POST',1,'admin',NULL,'/menu','172.19.2.66','','{\"visible\":\"0\",\"icon\":\"form\",\"orderNum\":\"2\",\"menuName\":\"站点管理\",\"params\":{},\"parentId\":0,\"isCache\":\"0\",\"path\":\"site\",\"createBy\":\"admin\",\"children\":[],\"isFrame\":\"1\",\"menuType\":\"M\",\"status\":\"0\"}','{\"msg\":\"操作成功\",\"code\":200}',0,NULL,'2021-02-24 13:45:47'),(251,'菜单管理',1,'com.ruoyi.system.controller.SysMenuController.add()','POST',1,'admin',NULL,'/menu','172.19.2.66','','{\"visible\":\"0\",\"orderNum\":\"1\",\"menuName\":\"站点管理\",\"params\":{},\"parentId\":2051,\"isCache\":\"0\",\"path\":\"siteManage\",\"component\":\"esp/pagesp/siteManage/siteManage\",\"createBy\":\"admin\",\"children\":[],\"isFrame\":\"1\",\"menuType\":\"C\",\"status\":\"0\"}','{\"msg\":\"操作成功\",\"code\":200}',0,NULL,'2021-02-24 13:48:09'),(261,'菜单管理',1,'com.ruoyi.system.controller.SysMenuController.add()','POST',1,'admin',NULL,'/menu','172.19.2.248','','{\"visible\":\"0\",\"icon\":\"user\",\"orderNum\":\"3\",\"menuName\":\"邀约管理\",\"params\":{},\"parentId\":0,\"isCache\":\"0\",\"path\":\"esp/\",\"createBy\":\"admin\",\"children\":[],\"isFrame\":\"1\",\"menuType\":\"M\",\"status\":\"0\"}','{\"msg\":\"操作成功\",\"code\":200}',0,NULL,'2021-02-25 09:47:20'),(271,'菜单管理',2,'com.ruoyi.system.controller.SysMenuController.edit()','PUT',1,'admin',NULL,'/menu','172.19.2.248','','{\"visible\":\"0\",\"icon\":\"user\",\"orderNum\":\"3\",\"menuName\":\"邀约管理\",\"params\":{},\"parentId\":0,\"isCache\":\"0\",\"path\":\"offerManagement/\",\"children\":[],\"createTime\":1614217640000,\"updateBy\":\"admin\",\"isFrame\":\"1\",\"menuId\":2071,\"menuType\":\"M\",\"perms\":\"\",\"status\":\"0\"}','{\"msg\":\"操作成功\",\"code\":200}',0,NULL,'2021-02-25 09:49:23'),(281,'菜单管理',1,'com.ruoyi.system.controller.SysMenuController.add()','POST',1,'admin',NULL,'/menu','172.19.2.248','','{\"visible\":\"0\",\"orderNum\":\"1\",\"menuName\":\"邀约结果\",\"params\":{},\"parentId\":2071,\"isCache\":\"0\",\"path\":\"invitationResults\",\"component\":\"esp/pages/invitationResults/invitationResults\",\"createBy\":\"admin\",\"children\":[],\"isFrame\":\"1\",\"menuType\":\"C\",\"status\":\"0\"}','{\"msg\":\"操作成功\",\"code\":200}',0,NULL,'2021-02-25 09:49:56'),(291,'菜单管理',3,'com.ruoyi.system.controller.SysMenuController.remove()','DELETE',1,'admin',NULL,'/menu/2006','172.19.2.248','',NULL,'{\"msg\":\"存在子菜单,不允许删除\",\"code\":500}',0,NULL,'2021-02-25 09:50:34'),(301,'菜单管理',3,'com.ruoyi.system.controller.SysMenuController.remove()','DELETE',1,'admin',NULL,'/menu/2007','172.19.2.248','',NULL,'{\"msg\":\"菜单已分配,不允许删除\",\"code\":500}',0,NULL,'2021-02-25 09:50:47'),(311,'菜单管理',1,'com.ruoyi.system.controller.SysMenuController.add()','POST',1,'admin',NULL,'/menu','172.19.2.248','','{\"visible\":\"0\",\"orderNum\":\"2\",\"menuName\":\"日前出清\",\"params\":{},\"parentId\":2071,\"isCache\":\"0\",\"path\":\"voidance\",\"component\":\"esp/pages/voidance/voidance\",\"createBy\":\"admin\",\"children\":[],\"isFrame\":\"1\",\"menuType\":\"C\",\"status\":\"0\"}','{\"msg\":\"操作成功\",\"code\":200}',0,NULL,'2021-02-25 09:51:23'),(321,'角色管理',1,'com.ruoyi.system.controller.SysRoleController.add()','POST',1,'admin',NULL,'/role','172.21.100.3','','{\"flag\":false,\"roleId\":111,\"admin\":false,\"params\":{},\"roleSort\":\"88\",\"deptCheckStrictly\":true,\"createBy\":\"admin\",\"menuCheckStrictly\":true,\"roleKey\":\"ShanXiUser\",\"roleName\":\"山西用户\",\"deptIds\":[],\"menuIds\":[2031,2041,2051,2061,2071,2081,2091,1,100,1001,1002,1003,1004,1005,1006,1007,101,1008,1009,1010,1011,1012,102,1013,1014,1015,1016,103,1017,1018,1019,1020,104,1021,1022,1023,1024,1025,105,1026,1027,1028,1029,1030,106,1031,1032,1033,1034,1035,107,1041,1042,1043,1044,108,500,1045,1046,1047,501,1048,1049,1050],\"status\":\"0\"}','{\"msg\":\"操作成功\",\"code\":200}',0,NULL,'2021-02-25 11:10:21'),(331,'用户管理',1,'com.ruoyi.system.controller.SysUserController.add()','POST',1,'admin',NULL,'/user','172.21.100.3','','{\"admin\":false,\"password\":\"$2a$10$o/vYrMc31XSudEFkEqM2SOWQRsHJIaUzfqVAOvZXFIHi2Zo.o78I2\",\"postIds\":[],\"nickName\":\"山西测试\",\"params\":{},\"userName\":\"sxcs\",\"userId\":111,\"createBy\":\"admin\",\"roleIds\":[111],\"status\":\"0\"}','{\"msg\":\"操作成功\",\"code\":200}',0,NULL,'2021-02-25 11:11:23'),(341,'菜单管理',3,'com.ruoyi.system.controller.SysMenuController.remove()','DELETE',1,'admin',NULL,'/menu/2002','127.0.0.1','',NULL,'{\"msg\":\"菜单已分配,不允许删除\",\"code\":500}',0,NULL,'2021-02-25 11:35:32'),(351,'菜单管理',2,'com.ruoyi.system.controller.SysMenuController.edit()','PUT',1,'admin',NULL,'/menu','127.0.0.1','','{\"visible\":\"1\",\"icon\":\"logininfor\",\"orderNum\":\"2\",\"menuName\":\"电源商档案\",\"params\":{},\"parentId\":2000,\"isCache\":\"0\",\"path\":\"PowerSupply\",\"component\":\"esp/pages/cust/PowerSupply\",\"children\":[],\"createTime\":1611563597000,\"updateBy\":\"admin\",\"isFrame\":\"1\",\"menuId\":2002,\"menuType\":\"C\",\"perms\":\"cust:PowerSupply:list\",\"status\":\"0\"}','{\"msg\":\"操作成功\",\"code\":200}',0,NULL,'2021-02-25 11:35:44'),(361,'菜单管理',2,'com.ruoyi.system.controller.SysMenuController.edit()','PUT',1,'admin',NULL,'/menu','127.0.0.1','','{\"visible\":\"0\",\"icon\":\"logininfor\",\"orderNum\":\"2\",\"menuName\":\"电源商档案\",\"params\":{},\"parentId\":2000,\"isCache\":\"0\",\"path\":\"PowerSupply\",\"component\":\"esp/pages/cust/PowerSupply\",\"children\":[],\"createTime\":1611563597000,\"updateBy\":\"admin\",\"isFrame\":\"1\",\"menuId\":2002,\"menuType\":\"C\",\"perms\":\"cust:PowerSupply:list\",\"status\":\"0\"}','{\"msg\":\"操作成功\",\"code\":200}',0,NULL,'2021-02-25 11:36:10'),(371,'菜单管理',3,'com.ruoyi.system.controller.SysMenuController.remove()','DELETE',1,'admin',NULL,'/menu/2000','172.21.100.3','',NULL,'{\"msg\":\"存在子菜单,不允许删除\",\"code\":500}',0,NULL,'2021-02-25 14:14:26'),(381,'菜单管理',3,'com.ruoyi.system.controller.SysMenuController.remove()','DELETE',1,'admin',NULL,'/menu/2002','172.21.100.3','',NULL,'{\"msg\":\"菜单已分配,不允许删除\",\"code\":500}',0,NULL,'2021-02-25 14:14:33'),(391,'用户管理',3,'com.ruoyi.system.controller.SysUserController.remove()','DELETE',1,'admin',NULL,'/user/100','172.21.100.3','',NULL,'{\"msg\":\"操作成功\",\"code\":200}',0,NULL,'2021-02-25 14:15:01'),(401,'用户管理',3,'com.ruoyi.system.controller.SysUserController.remove()','DELETE',1,'admin',NULL,'/user/101','172.21.100.3','',NULL,'{\"msg\":\"操作成功\",\"code\":200}',0,NULL,'2021-02-25 14:15:07'),(411,'菜单管理',3,'com.ruoyi.system.controller.SysMenuController.remove()','DELETE',1,'admin',NULL,'/menu/2001','172.21.100.3','',NULL,'{\"msg\":\"菜单已分配,不允许删除\",\"code\":500}',0,NULL,'2021-02-25 14:15:19'),(421,'角色管理',3,'com.ruoyi.system.controller.SysRoleController.remove()','DELETE',1,'admin',NULL,'/role/101','172.21.100.3','',NULL,'{\"msg\":\"操作成功\",\"code\":200}',0,NULL,'2021-02-25 14:15:32'),(431,'角色管理',2,'com.ruoyi.system.controller.SysRoleController.edit()','PUT',1,'admin',NULL,'/role','172.21.100.3','','{\"flag\":false,\"roleId\":100,\"admin\":false,\"dataScope\":\"4\",\"delFlag\":\"0\",\"params\":{},\"roleSort\":\"3\",\"deptCheckStrictly\":true,\"createTime\":1611538386000,\"updateBy\":\"admin\",\"menuCheckStrictly\":true,\"roleKey\":\"norSys\",\"roleName\":\"一般管理员\",\"menuIds\":[],\"status\":\"0\"}','{\"msg\":\"操作成功\",\"code\":200}',0,NULL,'2021-02-25 14:15:53'),(441,'菜单管理',3,'com.ruoyi.system.controller.SysMenuController.remove()','DELETE',1,'admin',NULL,'/menu/2001','172.21.100.3','',NULL,'{\"msg\":\"操作成功\",\"code\":200}',0,NULL,'2021-02-25 14:16:02'),(451,'菜单管理',3,'com.ruoyi.system.controller.SysMenuController.remove()','DELETE',1,'admin',NULL,'/menu/2002','172.21.100.3','',NULL,'{\"msg\":\"操作成功\",\"code\":200}',0,NULL,'2021-02-25 14:16:06'),(461,'菜单管理',3,'com.ruoyi.system.controller.SysMenuController.remove()','DELETE',1,'admin',NULL,'/menu/2000','172.21.100.3','',NULL,'{\"msg\":\"操作成功\",\"code\":200}',0,NULL,'2021-02-25 14:16:09'),(471,'菜单管理',3,'com.ruoyi.system.controller.SysMenuController.remove()','DELETE',1,'admin',NULL,'/menu/2005','172.21.100.3','',NULL,'{\"msg\":\"操作成功\",\"code\":200}',0,NULL,'2021-02-25 14:16:13'),(481,'菜单管理',3,'com.ruoyi.system.controller.SysMenuController.remove()','DELETE',1,'admin',NULL,'/menu/2004','172.21.100.3','',NULL,'{\"msg\":\"操作成功\",\"code\":200}',0,NULL,'2021-02-25 14:16:15'),(491,'菜单管理',3,'com.ruoyi.system.controller.SysMenuController.remove()','DELETE',1,'admin',NULL,'/menu/2003','172.21.100.3','',NULL,'{\"msg\":\"操作成功\",\"code\":200}',0,NULL,'2021-02-25 14:16:31'),(501,'菜单管理',3,'com.ruoyi.system.controller.SysMenuController.remove()','DELETE',1,'admin',NULL,'/menu/2008','172.21.100.3','',NULL,'{\"msg\":\"操作成功\",\"code\":200}',0,NULL,'2021-02-25 14:22:41'),(511,'菜单管理',3,'com.ruoyi.system.controller.SysMenuController.remove()','DELETE',1,'admin',NULL,'/menu/2007','172.21.100.3','',NULL,'{\"msg\":\"操作成功\",\"code\":200}',0,NULL,'2021-02-25 14:22:44'),(521,'菜单管理',3,'com.ruoyi.system.controller.SysMenuController.remove()','DELETE',1,'admin',NULL,'/menu/2006','172.21.100.3','',NULL,'{\"msg\":\"操作成功\",\"code\":200}',0,NULL,'2021-02-25 14:22:46'),(531,'菜单管理',3,'com.ruoyi.system.controller.SysMenuController.remove()','DELETE',1,'admin',NULL,'/menu/2011','172.21.100.3','',NULL,'{\"msg\":\"操作成功\",\"code\":200}',0,NULL,'2021-02-25 14:22:51'),(541,'菜单管理',3,'com.ruoyi.system.controller.SysMenuController.remove()','DELETE',1,'admin',NULL,'/menu/2010','172.21.100.3','',NULL,'{\"msg\":\"操作成功\",\"code\":200}',0,NULL,'2021-02-25 14:22:53'),(551,'菜单管理',3,'com.ruoyi.system.controller.SysMenuController.remove()','DELETE',1,'admin',NULL,'/menu/2009','172.21.100.3','',NULL,'{\"msg\":\"操作成功\",\"code\":200}',0,NULL,'2021-02-25 14:22:56'),(561,'菜单管理',3,'com.ruoyi.system.controller.SysMenuController.remove()','DELETE',1,'admin',NULL,'/menu/2013','172.21.100.3','',NULL,'{\"msg\":\"操作成功\",\"code\":200}',0,NULL,'2021-02-25 14:23:00'),(571,'菜单管理',3,'com.ruoyi.system.controller.SysMenuController.remove()','DELETE',1,'admin',NULL,'/menu/2012','172.21.100.3','',NULL,'{\"msg\":\"操作成功\",\"code\":200}',0,NULL,'2021-02-25 14:23:03'),(581,'菜单管理',3,'com.ruoyi.system.controller.SysMenuController.remove()','DELETE',1,'admin',NULL,'/menu/2015','172.21.100.3','',NULL,'{\"msg\":\"操作成功\",\"code\":200}',0,NULL,'2021-02-25 14:23:07'),(591,'菜单管理',3,'com.ruoyi.system.controller.SysMenuController.remove()','DELETE',1,'admin',NULL,'/menu/2014','172.21.100.3','',NULL,'{\"msg\":\"操作成功\",\"code\":200}',0,NULL,'2021-02-25 14:23:10'),(601,'菜单管理',3,'com.ruoyi.system.controller.SysMenuController.remove()','DELETE',1,'admin',NULL,'/menu/2020','172.21.100.3','',NULL,'{\"msg\":\"操作成功\",\"code\":200}',0,NULL,'2021-02-25 14:23:15'),(611,'菜单管理',3,'com.ruoyi.system.controller.SysMenuController.remove()','DELETE',1,'admin',NULL,'/menu/2019','172.21.100.3','',NULL,'{\"msg\":\"操作成功\",\"code\":200}',0,NULL,'2021-02-25 14:23:17'),(621,'菜单管理',3,'com.ruoyi.system.controller.SysMenuController.remove()','DELETE',1,'admin',NULL,'/menu/2018','172.21.100.3','',NULL,'{\"msg\":\"操作成功\",\"code\":200}',0,NULL,'2021-02-25 14:23:19'),(631,'菜单管理',3,'com.ruoyi.system.controller.SysMenuController.remove()','DELETE',1,'admin',NULL,'/menu/2017','172.21.100.3','',NULL,'{\"msg\":\"操作成功\",\"code\":200}',0,NULL,'2021-02-25 14:23:20'),(641,'菜单管理',3,'com.ruoyi.system.controller.SysMenuController.remove()','DELETE',1,'admin',NULL,'/menu/2016','172.21.100.3','',NULL,'{\"msg\":\"操作成功\",\"code\":200}',0,NULL,'2021-02-25 14:23:23'),(651,'菜单管理',3,'com.ruoyi.system.controller.SysMenuController.remove()','DELETE',1,'admin',NULL,'/menu/2022','172.21.100.3','',NULL,'{\"msg\":\"操作成功\",\"code\":200}',0,NULL,'2021-02-25 14:23:33'),(661,'菜单管理',3,'com.ruoyi.system.controller.SysMenuController.remove()','DELETE',1,'admin',NULL,'/menu/2023','172.21.100.3','',NULL,'{\"msg\":\"操作成功\",\"code\":200}',0,NULL,'2021-02-25 14:23:36'),(671,'菜单管理',3,'com.ruoyi.system.controller.SysMenuController.remove()','DELETE',1,'admin',NULL,'/menu/2024','172.21.100.3','',NULL,'{\"msg\":\"操作成功\",\"code\":200}',0,NULL,'2021-02-25 14:23:38'),(681,'菜单管理',3,'com.ruoyi.system.controller.SysMenuController.remove()','DELETE',1,'admin',NULL,'/menu/2025','172.21.100.3','',NULL,'{\"msg\":\"操作成功\",\"code\":200}',0,NULL,'2021-02-25 14:23:43'),(691,'菜单管理',3,'com.ruoyi.system.controller.SysMenuController.remove()','DELETE',1,'admin',NULL,'/menu/2021','172.21.100.3','',NULL,'{\"msg\":\"操作成功\",\"code\":200}',0,NULL,'2021-02-25 14:23:46'),(701,'菜单管理',1,'com.ruoyi.system.controller.SysMenuController.add()','POST',1,'admin',NULL,'/menu','172.19.3.254','','{\"visible\":\"0\",\"orderNum\":\"1\",\"menuName\":\"邀约制定\",\"params\":{},\"parentId\":2071,\"isCache\":\"0\",\"path\":\"/InvitationMaking\",\"createBy\":\"admin\",\"children\":[],\"isFrame\":\"1\",\"menuType\":\"M\",\"status\":\"0\"}','{\"msg\":\"操作成功\",\"code\":200}',0,NULL,'2021-02-26 16:06:59'),(711,'菜单管理',2,'com.ruoyi.system.controller.SysMenuController.edit()','PUT',1,'admin',NULL,'/menu','172.19.3.254','','{\"visible\":\"0\",\"icon\":\"#\",\"orderNum\":\"0\",\"menuName\":\"邀约制定\",\"params\":{},\"parentId\":2071,\"isCache\":\"0\",\"path\":\"/InvitationMaking\",\"children\":[],\"createTime\":1614326819000,\"updateBy\":\"admin\",\"isFrame\":\"1\",\"menuId\":2101,\"menuType\":\"M\",\"perms\":\"\",\"status\":\"0\"}','{\"msg\":\"操作成功\",\"code\":200}',0,NULL,'2021-02-26 16:07:28'),(721,'菜单管理',2,'com.ruoyi.system.controller.SysMenuController.edit()','PUT',1,'admin',NULL,'/menu','172.19.3.254','','{\"visible\":\"0\",\"icon\":\"#\",\"orderNum\":\"0\",\"menuName\":\"邀约制定\",\"params\":{},\"parentId\":2071,\"isCache\":\"0\",\"path\":\"/InvitationMaking\",\"component\":\"esp/pages/InvitationManagement/InvitationMaking\",\"children\":[],\"createTime\":1614326819000,\"updateBy\":\"admin\",\"isFrame\":\"1\",\"menuId\":2101,\"menuType\":\"C\",\"perms\":\"\",\"status\":\"0\"}','{\"msg\":\"操作成功\",\"code\":200}',0,NULL,'2021-02-26 16:09:04'),(731,'角色管理',5,'com.ruoyi.system.controller.SysRoleController.export()','POST',1,'admin',NULL,'/role/export','172.21.100.3','','{\"flag\":false,\"admin\":false,\"params\":{},\"deptCheckStrictly\":false,\"menuCheckStrictly\":false}','null',0,NULL,'2021-03-01 10:26:19'),(741,'角色管理',5,'com.ruoyi.system.controller.SysRoleController.export()','POST',1,'admin',NULL,'/role/export','172.21.100.3','','{\"flag\":false,\"admin\":false,\"params\":{},\"deptCheckStrictly\":false,\"menuCheckStrictly\":false}','null',0,NULL,'2021-03-01 10:26:20'),(751,'用户管理',5,'com.ruoyi.system.controller.SysUserController.export()','POST',1,'admin',NULL,'/user/export','172.21.100.3','','{\"admin\":false,\"params\":{}}','null',0,NULL,'2021-03-01 10:26:25'),(761,'菜单管理',1,'com.ruoyi.system.controller.SysMenuController.add()','POST',1,'admin',NULL,'/menu','127.0.0.1','','{\"visible\":\"0\",\"icon\":\"dict\",\"orderNum\":\"4\",\"menuName\":\"基准负荷\",\"params\":{},\"parentId\":0,\"isCache\":\"0\",\"path\":\"basisLoad/\",\"createBy\":\"admin\",\"children\":[],\"isFrame\":\"1\",\"menuType\":\"M\",\"status\":\"0\"}','{\"msg\":\"操作成功\",\"code\":200}',0,NULL,'2021-03-01 10:33:55'),(771,'菜单管理',1,'com.ruoyi.system.controller.SysMenuController.add()','POST',1,'admin',NULL,'/menu','127.0.0.1','','{\"visible\":\"0\",\"orderNum\":\"1\",\"menuName\":\"营销参考负荷\",\"params\":{},\"parentId\":2111,\"isCache\":\"0\",\"path\":\"/marketLoad\",\"component\":\"esp/pages/basisLoad/marketLoad\",\"createBy\":\"admin\",\"children\":[],\"isFrame\":\"1\",\"menuType\":\"C\",\"perms\":\"marketLoad\",\"status\":\"0\"}','{\"msg\":\"操作成功\",\"code\":200}',0,NULL,'2021-03-01 10:36:35'),(781,'菜单管理',1,'com.ruoyi.system.controller.SysMenuController.add()','POST',1,'admin',NULL,'/menu','172.22.18.252','','{\"visible\":\"0\",\"icon\":\"chart\",\"orderNum\":\"3\",\"menuName\":\"资源监测\",\"params\":{},\"parentId\":0,\"isCache\":\"0\",\"path\":\"resourceMonitoring\",\"createBy\":\"admin\",\"children\":[],\"isFrame\":\"1\",\"menuType\":\"M\",\"status\":\"0\"}','{\"msg\":\"操作成功\",\"code\":200}',0,NULL,'2021-03-01 10:38:56'),(791,'菜单管理',1,'com.ruoyi.system.controller.SysMenuController.add()','POST',1,'admin',NULL,'/menu','127.0.0.1','','{\"visible\":\"0\",\"orderNum\":\"2\",\"menuName\":\"负荷偏差对比\",\"params\":{},\"parentId\":2111,\"isCache\":\"0\",\"path\":\"/deviationComparison\",\"component\":\"esp/pages/referenceLoad/deviationComparison\",\"createBy\":\"admin\",\"children\":[],\"isFrame\":\"1\",\"menuType\":\"C\",\"perms\":\"deviationComparison\",\"status\":\"0\"}','{\"msg\":\"操作成功\",\"code\":200}',0,NULL,'2021-03-01 10:41:13'),(801,'菜单管理',1,'com.ruoyi.system.controller.SysMenuController.add()','POST',1,'admin',NULL,'/menu','172.22.18.252','','{\"visible\":\"0\",\"orderNum\":\"1\",\"menuName\":\"资源监测\",\"params\":{},\"parentId\":2131,\"isCache\":\"0\",\"path\":\"resourceMonitoringIndex\",\"component\":\"esp/pages/resourceMonitoring/resourceMonitoringIndex\",\"createBy\":\"admin\",\"children\":[],\"isFrame\":\"1\",\"menuType\":\"C\",\"status\":\"0\"}','{\"msg\":\"操作成功\",\"code\":200}',0,NULL,'2021-03-01 10:42:50'),(811,'菜单管理',2,'com.ruoyi.system.controller.SysMenuController.edit()','PUT',1,'admin',NULL,'/menu','172.22.18.252','','{\"visible\":\"0\",\"icon\":\"chart\",\"orderNum\":\"3.1\",\"menuName\":\"资源监测\",\"params\":{},\"parentId\":0,\"isCache\":\"0\",\"path\":\"resourceMonitoring\",\"children\":[],\"createTime\":1614566336000,\"updateBy\":\"admin\",\"isFrame\":\"1\",\"menuId\":2131,\"menuType\":\"M\",\"perms\":\"\",\"status\":\"0\"}','{\"msg\":\"操作成功\",\"code\":200}',0,NULL,'2021-03-01 10:43:13'),(821,'菜单管理',2,'com.ruoyi.system.controller.SysMenuController.edit()','PUT',1,'admin',NULL,'/menu','172.22.18.252','','{\"visible\":\"0\",\"icon\":\"chart\",\"orderNum\":\"32\",\"menuName\":\"资源监测\",\"params\":{},\"parentId\":0,\"isCache\":\"0\",\"path\":\"resourceMonitoring\",\"children\":[],\"createTime\":1614566336000,\"updateBy\":\"admin\",\"isFrame\":\"1\",\"menuId\":2131,\"menuType\":\"M\",\"perms\":\"\",\"status\":\"0\"}','{\"msg\":\"操作成功\",\"code\":200}',0,NULL,'2021-03-01 10:43:29'),(831,'菜单管理',2,'com.ruoyi.system.controller.SysMenuController.edit()','PUT',1,'admin',NULL,'/menu','172.22.18.252','','{\"visible\":\"0\",\"icon\":\"dict\",\"orderNum\":\"5\",\"menuName\":\"基准负荷\",\"params\":{},\"parentId\":0,\"isCache\":\"0\",\"path\":\"basisLoad/\",\"children\":[],\"createTime\":1614566035000,\"updateBy\":\"admin\",\"isFrame\":\"1\",\"menuId\":2111,\"menuType\":\"M\",\"perms\":\"\",\"status\":\"0\"}','{\"msg\":\"操作成功\",\"code\":200}',0,NULL,'2021-03-01 10:43:41'),(841,'菜单管理',2,'com.ruoyi.system.controller.SysMenuController.edit()','PUT',1,'admin',NULL,'/menu','172.22.18.252','','{\"visible\":\"0\",\"icon\":\"user\",\"orderNum\":\"4\",\"menuName\":\"邀约管理\",\"params\":{},\"parentId\":0,\"isCache\":\"0\",\"path\":\"offerManagement/\",\"children\":[],\"createTime\":1614217640000,\"updateBy\":\"admin\",\"isFrame\":\"1\",\"menuId\":2071,\"menuType\":\"M\",\"perms\":\"\",\"status\":\"0\"}','{\"msg\":\"操作成功\",\"code\":200}',0,NULL,'2021-03-01 10:43:47'),(851,'菜单管理',2,'com.ruoyi.system.controller.SysMenuController.edit()','PUT',1,'admin',NULL,'/menu','172.22.18.252','','{\"visible\":\"0\",\"icon\":\"chart\",\"orderNum\":\"3\",\"menuName\":\"资源监测\",\"params\":{},\"parentId\":0,\"isCache\":\"0\",\"path\":\"resourceMonitoring\",\"children\":[],\"createTime\":1614566336000,\"updateBy\":\"admin\",\"isFrame\":\"1\",\"menuId\":2131,\"menuType\":\"M\",\"perms\":\"\",\"status\":\"0\"}','{\"msg\":\"操作成功\",\"code\":200}',0,NULL,'2021-03-01 10:43:55'),(861,'菜单管理',2,'com.ruoyi.system.controller.SysMenuController.edit()','PUT',1,'admin',NULL,'/menu','172.22.18.252','','{\"visible\":\"0\",\"icon\":\"chart\",\"orderNum\":\"3\",\"menuName\":\"资源监测\",\"params\":{},\"parentId\":0,\"isCache\":\"0\",\"path\":\"resourceMonitoring\",\"children\":[],\"createTime\":1614566336000,\"updateBy\":\"admin\",\"isFrame\":\"1\",\"menuId\":2131,\"menuType\":\"M\",\"perms\":\"\",\"status\":\"0\"}','{\"msg\":\"操作成功\",\"code\":200}',0,NULL,'2021-03-01 10:43:56'),(871,'菜单管理',2,'com.ruoyi.system.controller.SysMenuController.edit()','PUT',1,'admin',NULL,'/menu','172.22.18.252','','{\"visible\":\"0\",\"icon\":\"chart\",\"orderNum\":\"3\",\"menuName\":\"资源监测\",\"params\":{},\"parentId\":0,\"isCache\":\"0\",\"path\":\"resourceMonitoring\",\"children\":[],\"createTime\":1614566336000,\"updateBy\":\"admin\",\"isFrame\":\"1\",\"menuId\":2131,\"menuType\":\"M\",\"perms\":\"\",\"status\":\"0\"}','{\"msg\":\"操作成功\",\"code\":200}',0,NULL,'2021-03-01 10:44:02'),(881,'字典类型',2,'com.ruoyi.system.controller.SysDictTypeController.edit()','PUT',1,'admin',NULL,'/dict/type','172.20.80.83','','{\"createBy\":\"admin\",\"createTime\":1521171180000,\"updateBy\":\"admin\",\"dictName\":\"用户性别\",\"remark\":\"用户性别列表\",\"dictId\":1,\"params\":{},\"dictType\":\"sys_user_sex\",\"status\":\"0\"}','{\"msg\":\"操作成功\",\"code\":200}',0,NULL,'2021-03-01 15:57:39'),(891,'字典类型',2,'com.ruoyi.system.controller.SysDictTypeController.edit()','PUT',1,'admin',NULL,'/dict/type','172.20.80.83','','{\"createBy\":\"admin\",\"createTime\":1521171180000,\"updateBy\":\"admin\",\"dictName\":\"通知类型\",\"remark\":\"通知类型列表\",\"dictId\":7,\"params\":{},\"dictType\":\"sys_notice_type\",\"status\":\"1\"}','{\"msg\":\"操作成功\",\"code\":200}',0,NULL,'2021-03-01 15:58:00'),(901,'菜单管理',1,'com.ruoyi.system.controller.SysMenuController.add()','POST',1,'admin',NULL,'/menu','172.19.2.248','','{\"visible\":\"0\",\"orderNum\":\"2\",\"menuName\":\"站点月用电量\",\"params\":{},\"parentId\":2051,\"isCache\":\"0\",\"path\":\"/siteMonthElectrity\",\"component\":\"esp/pages/InvitationManagement/InvitationMaking\",\"createBy\":\"admin\",\"children\":[],\"isFrame\":\"1\",\"menuType\":\"C\",\"status\":\"0\"}','{\"msg\":\"操作成功\",\"code\":200}',0,NULL,'2021-03-01 19:22:34'),(911,'菜单管理',2,'com.ruoyi.system.controller.SysMenuController.edit()','PUT',1,'admin',NULL,'/menu','172.19.2.248','','{\"visible\":\"0\",\"icon\":\"#\",\"orderNum\":\"2\",\"menuName\":\"站点月用电量\",\"params\":{},\"parentId\":2051,\"isCache\":\"0\",\"path\":\"siteMonthElectrity\",\"component\":\"esp/pages/InvitationManagement/InvitationMaking\",\"children\":[],\"createTime\":1614597754000,\"updateBy\":\"admin\",\"isFrame\":\"1\",\"menuId\":2161,\"menuType\":\"C\",\"perms\":\"\",\"status\":\"0\"}','{\"msg\":\"操作成功\",\"code\":200}',0,NULL,'2021-03-01 19:23:22'),(921,'角色管理',2,'com.ruoyi.system.controller.SysRoleController.edit()','PUT',1,'admin',NULL,'/role','172.22.18.252','','{\"flag\":false,\"roleId\":111,\"admin\":false,\"dataScope\":\"1\",\"delFlag\":\"0\",\"params\":{},\"roleSort\":\"88\",\"deptCheckStrictly\":true,\"createTime\":1614222621000,\"updateBy\":\"admin\",\"menuCheckStrictly\":true,\"roleKey\":\"ShanXiUser\",\"roleName\":\"山西用户\",\"menuIds\":[1,2051,2061,2161,2131,2151,2071,2101,2081,2091,2111,2121,2141,100,1001,1002,1003,1004,1005,1006,1007,101,1008,1009,1010,1011,1012,102,1013,1014,1015,1016,103,1017,1018,1019,1020,104,1021,1022,1023,1024,1025],\"status\":\"0\"}','{\"msg\":\"操作成功\",\"code\":200}',0,NULL,'2021-03-01 23:01:34'),(931,'个人信息',2,'com.ruoyi.system.controller.SysProfileController.updatePwd()','PUT',1,'sxcs',NULL,'/user/profile/updatePwd','172.21.100.3','','123456 sx@1qaz@WSX','{\"msg\":\"操作成功\",\"code\":200}',0,NULL,'2021-03-02 09:15:14'),(941,'角色管理',2,'com.ruoyi.system.controller.SysRoleController.edit()','PUT',1,'admin',NULL,'/role','172.21.100.3','','{\"flag\":false,\"roleId\":111,\"admin\":false,\"dataScope\":\"1\",\"delFlag\":\"0\",\"params\":{},\"roleSort\":\"88\",\"deptCheckStrictly\":true,\"createTime\":1614222621000,\"updateBy\":\"admin\",\"menuCheckStrictly\":true,\"roleKey\":\"ShanXiUser\",\"roleName\":\"山西用户\",\"menuIds\":[1,2051,2061,2161,2131,2151,2071,2101,2081,2091,2111,2121,2141,100,1001,1002,1003,1004,1005,1006,1007,101,1008,1009,1010,1011,1012,102,1013,1014,1015,1016],\"status\":\"0\"}','{\"msg\":\"操作成功\",\"code\":200}',0,NULL,'2021-03-02 09:15:47'),(951,'角色管理',2,'com.ruoyi.system.controller.SysRoleController.edit()','PUT',1,'sxcs',NULL,'/role','172.21.100.3','','{\"flag\":false,\"roleId\":111,\"admin\":false,\"dataScope\":\"1\",\"delFlag\":\"0\",\"params\":{},\"roleSort\":\"88\",\"deptCheckStrictly\":true,\"createTime\":1614222621000,\"updateBy\":\"sxcs\",\"menuCheckStrictly\":true,\"roleKey\":\"ShanXiUser\",\"roleName\":\"山西用户\",\"menuIds\":[2051,2061,2161,2131,2151,2071,2101,2081,2091,2111,2121,2141],\"status\":\"0\"}','{\"msg\":\"操作成功\",\"code\":200}',0,NULL,'2021-03-02 09:56:12'),(961,'角色管理',2,'com.ruoyi.system.controller.SysRoleController.edit()','PUT',1,'admin',NULL,'/role','172.21.100.3','','{\"flag\":false,\"roleId\":111,\"admin\":false,\"dataScope\":\"1\",\"delFlag\":\"0\",\"params\":{},\"roleSort\":\"88\",\"deptCheckStrictly\":true,\"createTime\":1614222621000,\"updateBy\":\"admin\",\"menuCheckStrictly\":true,\"roleKey\":\"ShanXiUser\",\"roleName\":\"山西用户\",\"menuIds\":[2051,2061,2161,2131,2151,2071,2101,2081,2091],\"status\":\"0\"}','{\"msg\":\"操作成功\",\"code\":200}',0,NULL,'2021-03-02 10:01:03'),(971,'角色管理',2,'com.ruoyi.system.controller.SysRoleController.edit()','PUT',1,'admin',NULL,'/role','172.21.100.3','','{\"flag\":false,\"roleId\":111,\"admin\":false,\"dataScope\":\"1\",\"delFlag\":\"0\",\"params\":{},\"roleSort\":\"88\",\"deptCheckStrictly\":true,\"createTime\":1614222621000,\"updateBy\":\"admin\",\"menuCheckStrictly\":true,\"roleKey\":\"ShanXiUser\",\"roleName\":\"山西用户\",\"menuIds\":[1,2051,2061,2161,2131,2151,2071,2101,2081,2091,2111,2121,2141,100,1001,1002,1003,1004,1005,1006,1007,101,1008,1009,1010,1011,1012,102,1013,1014,1015,1016],\"status\":\"0\"}','{\"msg\":\"操作成功\",\"code\":200}',0,NULL,'2021-03-02 10:04:54'),(981,'部门管理',3,'com.ruoyi.system.controller.SysDeptController.remove()','DELETE',1,'admin',NULL,'/dept/102','172.21.100.3','',NULL,'{\"msg\":\"存在下级部门,不允许删除\",\"code\":500}',0,NULL,'2021-03-02 11:50:13'),(991,'部门管理',3,'com.ruoyi.system.controller.SysDeptController.remove()','DELETE',1,'admin',NULL,'/dept/109','172.21.100.3','',NULL,'{\"msg\":\"操作成功\",\"code\":200}',0,NULL,'2021-03-02 11:50:19'),(1001,'部门管理',3,'com.ruoyi.system.controller.SysDeptController.remove()','DELETE',1,'admin',NULL,'/dept/108','172.21.100.3','',NULL,'{\"msg\":\"操作成功\",\"code\":200}',0,NULL,'2021-03-02 11:50:23'),(1011,'部门管理',3,'com.ruoyi.system.controller.SysDeptController.remove()','DELETE',1,'admin',NULL,'/dept/102','172.21.100.3','',NULL,'{\"msg\":\"操作成功\",\"code\":200}',0,NULL,'2021-03-02 11:50:25'),(1021,'用户管理',2,'com.ruoyi.system.controller.SysUserController.edit()','PUT',1,'admin',NULL,'/user','172.21.100.3','','{\"roles\":[{\"flag\":false,\"roleId\":1,\"admin\":true,\"dataScope\":\"1\",\"params\":{},\"roleSort\":\"1\",\"deptCheckStrictly\":false,\"menuCheckStrictly\":false,\"roleKey\":\"admin\",\"roleName\":\"超级管理员\",\"status\":\"0\"}],\"phonenumber\":\"15888888888\",\"admin\":true,\"loginDate\":1521171180000,\"remark\":\"管理员\",\"delFlag\":\"0\",\"password\":\"\",\"postIds\":[1],\"loginIp\":\"127.0.0.1\",\"email\":\"sd@longshine.com\",\"nickName\":\"新能源\",\"sex\":\"0\",\"deptId\":103,\"avatar\":\"\",\"dept\":{\"deptName\":\"研发部门\",\"leader\":\"朗新\",\"deptId\":103,\"orderNum\":\"1\",\"params\":{},\"parentId\":101,\"children\":[],\"status\":\"0\"},\"params\":{},\"userName\":\"admin\",\"userId\":1,\"createBy\":\"admin\",\"roleIds\":[1],\"createTime\":1521171180000,\"status\":\"0\"}','null',1,'不允许操作超级管理员用户','2021-03-02 11:50:56'),(1031,'菜单管理',2,'com.ruoyi.system.controller.SysMenuController.edit()','PUT',1,'admin',NULL,'/menu','127.0.0.1','','{\"visible\":\"0\",\"icon\":\"form\",\"orderNum\":\"2\",\"menuName\":\"站点档案管理\",\"params\":{},\"parentId\":0,\"isCache\":\"0\",\"path\":\"site\",\"children\":[],\"createTime\":1614145547000,\"updateBy\":\"admin\",\"isFrame\":\"1\",\"menuId\":2051,\"menuType\":\"M\",\"perms\":\"\",\"status\":\"0\"}','{\"msg\":\"操作成功\",\"code\":200}',0,NULL,'2021-03-02 15:54:33'),(1041,'角色管理',2,'com.ruoyi.system.controller.SysRoleController.edit()','PUT',1,'admin',NULL,'/role','127.0.0.1','','{\"flag\":false,\"roleId\":2,\"admin\":false,\"remark\":\"普通角色\",\"dataScope\":\"2\",\"delFlag\":\"0\",\"params\":{},\"roleSort\":\"2\",\"deptCheckStrictly\":true,\"createTime\":1521171180000,\"updateBy\":\"admin\",\"menuCheckStrictly\":true,\"roleKey\":\"common\",\"roleName\":\"普通角色\",\"menuIds\":[1,2031,2041,100,1001,1002,1003,1004,1005,1006,1007,103,1017,1018,1019,1020,104,1021,1022,1023,1024,1025,105,1026,1027,1028,1029,1030,106,1031,1032,1033,1034,1035,107,1041,1042,1043,1044,108,500,1045,1046,1047,501,1048,1049,1050,2,109,1051,1052,1053,110,1054,1055,1056,1057,1058,1059,111,112,113],\"status\":\"0\"}','{\"msg\":\"操作成功\",\"code\":200}',0,NULL,'2021-03-02 17:00:48'),(1051,'用户管理',1,'com.ruoyi.system.controller.SysUserController.add()','POST',1,'admin',NULL,'/user','127.0.0.1','','{\"admin\":false,\"password\":\"123456\",\"postIds\":[],\"nickName\":\"test\",\"deptId\":100,\"params\":{},\"userName\":\"test\",\"roleIds\":[2],\"status\":\"0\"}','{\"msg\":\"新增用户\'test\'失败，登录账号已存在\",\"code\":500}',0,NULL,'2021-03-02 17:34:38'),(1061,'用户管理',1,'com.ruoyi.system.controller.SysUserController.add()','POST',1,'admin',NULL,'/user','127.0.0.1','','{\"admin\":false,\"password\":\"123456\",\"postIds\":[],\"nickName\":\"test\",\"deptId\":100,\"params\":{},\"userName\":\"test\",\"roleIds\":[2],\"status\":\"0\"}','{\"msg\":\"新增用户\'test\'失败，登录账号已存在\",\"code\":500}',0,NULL,'2021-03-02 17:34:38'),(1071,'用户管理',1,'com.ruoyi.system.controller.SysUserController.add()','POST',1,'admin',NULL,'/user','127.0.0.1','','{\"admin\":false,\"password\":\"$2a$10$BpZRNelkolRnQPvLLDUCT.r1zZMMhEX38q5d.iZp358iAIpNwLokW\",\"postIds\":[],\"nickName\":\"测试2\",\"deptId\":105,\"params\":{},\"userName\":\"test2\",\"userId\":121,\"createBy\":\"admin\",\"roleIds\":[2],\"status\":\"0\"}','{\"msg\":\"操作成功\",\"code\":200}',0,NULL,'2021-03-02 17:42:22'),(1081,'用户管理',1,'com.ruoyi.system.controller.SysUserController.add()','POST',1,'admin',NULL,'/user','127.0.0.1','','{\"admin\":false,\"password\":\"123456\",\"postIds\":[],\"nickName\":\"测试2\",\"deptId\":105,\"params\":{},\"userName\":\"test2\",\"roleIds\":[2],\"status\":\"0\"}','{\"msg\":\"新增用户\'test2\'失败，登录账号已存在\",\"code\":500}',0,NULL,'2021-03-02 17:42:22'),(1091,'菜单管理',2,'com.ruoyi.system.controller.SysMenuController.edit()','PUT',1,'admin',NULL,'/menu','127.0.0.1','','{\"visible\":\"0\",\"icon\":\"form\",\"orderNum\":\"2\",\"menuName\":\"站点管理\",\"params\":{},\"parentId\":0,\"isCache\":\"0\",\"path\":\"site\",\"children\":[],\"createTime\":1614145547000,\"updateBy\":\"admin\",\"isFrame\":\"1\",\"menuId\":2051,\"menuType\":\"M\",\"perms\":\"\",\"status\":\"0\"}','{\"msg\":\"操作成功\",\"code\":200}',0,NULL,'2021-03-03 10:32:02'),(1101,'菜单管理',2,'com.ruoyi.system.controller.SysMenuController.edit()','PUT',1,'admin',NULL,'/menu','127.0.0.1','','{\"visible\":\"0\",\"icon\":\"#\",\"orderNum\":\"1\",\"menuName\":\"站点档案管理\",\"params\":{},\"parentId\":2051,\"isCache\":\"0\",\"path\":\"siteManage\",\"component\":\"esp/pagesp/siteManage/siteManage\",\"children\":[],\"createTime\":1614145689000,\"updateBy\":\"admin\",\"isFrame\":\"1\",\"menuId\":2061,\"menuType\":\"C\",\"perms\":\"\",\"status\":\"0\"}','{\"msg\":\"操作成功\",\"code\":200}',0,NULL,'2021-03-03 10:32:19'),(1111,'用户管理',6,'com.ruoyi.system.controller.SysUserController.importData()','POST',1,'admin',NULL,'/user/importData','172.19.3.68','','false','null',1,'','2021-03-03 14:28:40'),(1121,'菜单管理',1,'com.ruoyi.system.controller.SysMenuController.add()','POST',1,'admin',NULL,'/menu','127.0.0.1','','{\"visible\":\"1\",\"orderNum\":\"1\",\"menuName\":\"获取用户名称\",\"params\":{},\"parentId\":2031,\"isCache\":\"0\",\"path\":\"\",\"createBy\":\"admin\",\"children\":[],\"isFrame\":\"1\",\"menuType\":\"F\",\"perms\":\"ecdr:demo:getUserInfo\",\"status\":\"0\"}','{\"msg\":\"操作成功\",\"code\":200}',0,NULL,'2021-03-04 11:46:13'),(1131,'角色管理',2,'com.ruoyi.system.controller.SysRoleController.edit()','PUT',1,'admin',NULL,'/role','127.0.0.1','','{\"flag\":false,\"roleId\":2,\"admin\":false,\"remark\":\"普通角色\",\"dataScope\":\"2\",\"delFlag\":\"0\",\"params\":{},\"roleSort\":\"2\",\"deptCheckStrictly\":true,\"createTime\":1521171180000,\"updateBy\":\"admin\",\"menuCheckStrictly\":true,\"roleKey\":\"common\",\"roleName\":\"普通角色\",\"menuIds\":[1,2031,2041,2171,100,1001,1002,1003,1004,1005,1006,1007,103,1017,1018,1019,1020,104,1021,1022,1023,1024,1025,105,1026,1027,1028,1029,1030,106,1031,1032,1033,1034,1035,107,1041,1042,1043,1044,108,500,1045,1046,1047,501,1048,1049,1050,2,109,1051,1052,1053,110,1054,1055,1056,1057,1058,1059,111,112,113],\"status\":\"0\"}','{\"msg\":\"操作成功\",\"code\":200}',0,NULL,'2021-03-04 11:47:11'),(1141,'角色管理',2,'com.ruoyi.system.controller.SysRoleController.edit()','PUT',1,'admin',NULL,'/role','127.0.0.1','','{\"flag\":false,\"roleId\":100,\"admin\":false,\"dataScope\":\"4\",\"delFlag\":\"0\",\"params\":{},\"roleSort\":\"3\",\"deptCheckStrictly\":true,\"createTime\":1611538386000,\"updateBy\":\"admin\",\"menuCheckStrictly\":true,\"roleKey\":\"norSys\",\"roleName\":\"一般管理员\",\"menuIds\":[2031,2041],\"status\":\"0\"}','{\"msg\":\"操作成功\",\"code\":200}',0,NULL,'2021-03-04 11:49:59'),(1151,'用户管理',1,'com.ruoyi.system.controller.SysUserController.add()','POST',1,'admin',NULL,'/user','127.0.0.1','','{\"admin\":false,\"password\":\"$2a$10$yuYhSsBbVvzxygB4qCtGOeQivKjgXSBxKZx8OfI1xWypWC5P9Awja\",\"postIds\":[],\"nickName\":\"test3\",\"params\":{},\"userName\":\"test3\",\"userId\":131,\"createBy\":\"admin\",\"roleIds\":[100],\"status\":\"0\"}','{\"msg\":\"操作成功\",\"code\":200}',0,NULL,'2021-03-04 11:50:16'),(1161,'用户管理',1,'com.ruoyi.system.controller.SysUserController.add()','POST',1,'admin',NULL,'/user','127.0.0.1','','{\"admin\":false,\"password\":\"123456\",\"postIds\":[],\"nickName\":\"test3\",\"params\":{},\"userName\":\"test3\",\"roleIds\":[100],\"status\":\"0\"}','{\"msg\":\"新增用户\'test3\'失败，登录账号已存在\",\"code\":500}',0,NULL,'2021-03-04 11:50:16'),(1171,'菜单管理',1,'com.ruoyi.system.controller.SysMenuController.add()','POST',1,'admin',NULL,'/menu','172.19.3.88','','{\"visible\":\"0\",\"icon\":\"input\",\"orderNum\":\"10\",\"menuName\":\"模板管理\",\"params\":{},\"parentId\":3,\"isCache\":\"0\",\"path\":\"template\",\"component\":\"111\",\"createBy\":\"admin\",\"children\":[],\"isFrame\":\"1\",\"menuType\":\"C\",\"status\":\"0\"}','{\"msg\":\"操作成功\",\"code\":200}',0,NULL,'2021-03-04 12:14:19'),(1181,'菜单管理',2,'com.ruoyi.system.controller.SysMenuController.edit()','PUT',1,'admin',NULL,'/menu','172.19.3.88','','{\"visible\":\"0\",\"icon\":\"input\",\"orderNum\":\"10\",\"menuName\":\"模板管理\",\"params\":{},\"parentId\":3,\"isCache\":\"0\",\"path\":\"template\",\"component\":\"111\",\"children\":[],\"createTime\":1614831259000,\"updateBy\":\"admin\",\"isFrame\":\"1\",\"menuId\":2181,\"menuType\":\"C\",\"perms\":\"tool:template:list\",\"status\":\"0\"}','{\"msg\":\"操作成功\",\"code\":200}',0,NULL,'2021-03-04 12:14:59'),(1191,'菜单管理',2,'com.ruoyi.system.controller.SysMenuController.edit()','PUT',1,'admin',NULL,'/menu','172.19.3.88','','{\"visible\":\"0\",\"icon\":\"input\",\"orderNum\":\"10\",\"menuName\":\"模板管理\",\"params\":{},\"parentId\":3,\"isCache\":\"0\",\"path\":\"template\",\"component\":\"tool/template/index\",\"children\":[],\"createTime\":1614831259000,\"updateBy\":\"admin\",\"isFrame\":\"1\",\"menuId\":2181,\"menuType\":\"C\",\"perms\":\"tool:template:list\",\"status\":\"0\"}','{\"msg\":\"操作成功\",\"code\":200}',0,NULL,'2021-03-04 12:15:43'),(1201,'菜单管理',2,'com.ruoyi.system.controller.SysMenuController.edit()','PUT',1,'admin',NULL,'/menu','172.19.3.88','','{\"visible\":\"0\",\"icon\":\"input\",\"orderNum\":\"10\",\"menuName\":\"附件模板\",\"params\":{},\"parentId\":3,\"isCache\":\"0\",\"path\":\"template\",\"component\":\"tool/template/index\",\"children\":[],\"createTime\":1614831259000,\"updateBy\":\"admin\",\"isFrame\":\"1\",\"menuId\":2181,\"menuType\":\"C\",\"perms\":\"tool:template:list\",\"status\":\"0\"}','{\"msg\":\"操作成功\",\"code\":200}',0,NULL,'2021-03-04 12:16:14'),(1211,'菜单管理',2,'com.ruoyi.system.controller.SysMenuController.edit()','PUT',1,'admin',NULL,'/menu','127.0.0.1','','{\"visible\":\"0\",\"icon\":\"input\",\"orderNum\":\"10\",\"menuName\":\"附件模板\",\"params\":{},\"parentId\":3,\"isCache\":\"0\",\"path\":\"template\",\"component\":\"demo/pages/demo/template\",\"children\":[],\"createTime\":1614831259000,\"updateBy\":\"admin\",\"isFrame\":\"1\",\"menuId\":2181,\"menuType\":\"C\",\"perms\":\"tool:template:list\",\"status\":\"0\"}','{\"msg\":\"操作成功\",\"code\":200}',0,NULL,'2021-03-04 12:52:23'),(1221,'菜单管理',3,'com.ruoyi.system.controller.SysMenuController.remove()','DELETE',1,'admin',NULL,'/menu/2171','172.21.100.3','',NULL,'{\"msg\":\"菜单已分配,不允许删除\",\"code\":500}',0,NULL,'2021-03-04 14:22:36'),(1231,'角色管理',2,'com.ruoyi.system.controller.SysRoleController.edit()','PUT',1,'admin',NULL,'/role','172.21.100.3','','{\"flag\":false,\"roleId\":2,\"admin\":false,\"remark\":\"普通角色\",\"dataScope\":\"2\",\"delFlag\":\"0\",\"params\":{},\"roleSort\":\"2\",\"deptCheckStrictly\":true,\"createTime\":1521171180000,\"updateBy\":\"admin\",\"menuCheckStrictly\":true,\"roleKey\":\"common\",\"roleName\":\"普通角色\",\"menuIds\":[2031,1,2041,100,1001,1002,1003,1004,1005,1006,1007,103,1017,1018,1019,1020,104,1021,1022,1023,1024,1025,105,1026,1027,1028,1029,1030,106,1031,1032,1033,1034,1035,107,1041,1042,1043,1044,108,500,1045,1046,1047,501,1048,1049,1050,2,109,1051,1052,1053,110,1054,1055,1056,1057,1058,1059,111,112,113],\"status\":\"0\"}','{\"msg\":\"操作成功\",\"code\":200}',0,NULL,'2021-03-04 14:22:52'),(1241,'菜单管理',3,'com.ruoyi.system.controller.SysMenuController.remove()','DELETE',1,'admin',NULL,'/menu/2171','172.21.100.3','',NULL,'{\"msg\":\"操作成功\",\"code\":200}',0,NULL,'2021-03-04 14:23:01'),(1251,'菜单管理',1,'com.ruoyi.system.controller.SysMenuController.add()','POST',1,'admin',NULL,'/menu','172.21.100.3','','{\"visible\":\"0\",\"orderNum\":\"1\",\"menuName\":\"获取用户名称\",\"params\":{},\"parentId\":2041,\"isCache\":\"0\",\"createBy\":\"admin\",\"children\":[],\"isFrame\":\"1\",\"menuType\":\"F\",\"perms\":\"ecdr:demo:getUserInfo\",\"status\":\"0\"}','{\"msg\":\"操作成功\",\"code\":200}',0,NULL,'2021-03-04 14:25:30'),(1261,'角色管理',2,'com.ruoyi.system.controller.SysRoleController.edit()','PUT',1,'admin',NULL,'/role','172.21.100.3','','{\"flag\":false,\"roleId\":100,\"admin\":false,\"dataScope\":\"4\",\"delFlag\":\"0\",\"params\":{},\"roleSort\":\"3\",\"deptCheckStrictly\":true,\"createTime\":1611538386000,\"updateBy\":\"admin\",\"menuCheckStrictly\":true,\"roleKey\":\"norSys\",\"roleName\":\"一般管理员\",\"menuIds\":[2031,2041,2191],\"status\":\"0\"}','{\"msg\":\"操作成功\",\"code\":200}',0,NULL,'2021-03-04 14:29:30'),(1271,'角色管理',2,'com.ruoyi.system.controller.SysRoleController.edit()','PUT',1,'admin',NULL,'/role','172.21.100.3','','{\"flag\":false,\"roleId\":100,\"admin\":false,\"dataScope\":\"4\",\"delFlag\":\"0\",\"params\":{},\"roleSort\":\"3\",\"deptCheckStrictly\":true,\"createTime\":1611538386000,\"updateBy\":\"admin\",\"menuCheckStrictly\":false,\"roleKey\":\"norSys\",\"roleName\":\"一般管理员\",\"menuIds\":[2031,2041],\"status\":\"0\"}','{\"msg\":\"操作成功\",\"code\":200}',0,NULL,'2021-03-04 14:30:05'),(1281,'角色管理',2,'com.ruoyi.system.controller.SysRoleController.edit()','PUT',1,'admin',NULL,'/role','172.21.100.3','','{\"flag\":false,\"roleId\":2,\"admin\":false,\"remark\":\"普通角色\",\"dataScope\":\"2\",\"delFlag\":\"0\",\"params\":{},\"roleSort\":\"2\",\"deptCheckStrictly\":true,\"createTime\":1521171180000,\"updateBy\":\"admin\",\"menuCheckStrictly\":true,\"roleKey\":\"common\",\"roleName\":\"普通角色\",\"menuIds\":[1,2031,2041,2191,100,1001,1002,1003,1004,1005,1006,1007,103,1017,1018,1019,1020,104,1021,1022,1023,1024,1025,105,1026,1027,1028,1029,1030,106,1031,1032,1033,1034,1035,107,1041,1042,1043,1044,108,500,1045,1046,1047,501,1048,1049,1050,2,109,1051,1052,1053,110,1054,1055,1056,1057,1058,1059,111,112,113],\"status\":\"0\"}','{\"msg\":\"操作成功\",\"code\":200}',0,NULL,'2021-03-04 14:30:12'),(1291,'角色管理',2,'com.ruoyi.system.controller.SysRoleController.edit()','PUT',1,'admin',NULL,'/role','172.21.100.3','','{\"flag\":false,\"roleId\":111,\"admin\":false,\"dataScope\":\"1\",\"delFlag\":\"0\",\"params\":{},\"roleSort\":\"88\",\"deptCheckStrictly\":true,\"createTime\":1614222621000,\"updateBy\":\"admin\",\"menuCheckStrictly\":true,\"roleKey\":\"ShanXiUser\",\"roleName\":\"山西用户\",\"menuIds\":[1,2051,2061,2161,2131,2151,2071,2101,2081,2091,2111,2121,2141,100,1001,1002,1003,1004,1005,1006,1007,101,1008,1009,1010,1011,1012,102,1013,1014,1015,1016,103,1017,1018,1019,1020,104,1021,1022,1023,1024,1025],\"status\":\"0\"}','{\"msg\":\"操作成功\",\"code\":200}',0,NULL,'2021-03-04 15:07:52'),(1301,'用户管理',1,'com.ruoyi.system.controller.SysUserController.add()','POST',1,'admin',NULL,'/user','172.19.4.56','','{\"phonenumber\":\"18987854534\",\"admin\":false,\"remark\":\"11\",\"password\":\"$2a$10$fr/7eGxnVvEoku5wuc.XNufp0fgQBd/9UpqSOMWesi04s64Zqbk2y\",\"postIds\":[1,3,4,2],\"email\":\"1@11.com\",\"nickName\":\"王\",\"sex\":\"0\",\"deptId\":105,\"params\":{},\"userName\":\"123333\",\"userId\":141,\"createBy\":\"admin\",\"roleIds\":[2],\"status\":\"0\"}','{\"msg\":\"操作成功\",\"code\":200}',0,NULL,'2021-03-04 15:08:34'),(1311,'用户管理',2,'com.ruoyi.system.controller.SysUserController.changeStatus()','PUT',1,'admin',NULL,'/user/changeStatus','172.19.4.56','','{\"admin\":false,\"updateBy\":\"admin\",\"params\":{},\"userId\":141,\"status\":\"1\"}','{\"msg\":\"操作成功\",\"code\":200}',0,NULL,'2021-03-04 15:08:40'),(1321,'用户管理',2,'com.ruoyi.system.controller.SysUserController.changeStatus()','PUT',1,'admin',NULL,'/user/changeStatus','172.19.4.56','','{\"admin\":false,\"updateBy\":\"admin\",\"params\":{},\"userId\":141,\"status\":\"0\"}','{\"msg\":\"操作成功\",\"code\":200}',0,NULL,'2021-03-04 15:08:44'),(1331,'用户管理',2,'com.ruoyi.system.controller.SysUserController.edit()','PUT',1,'admin',NULL,'/user','172.19.4.56','','{\"roles\":[{\"flag\":false,\"roleId\":2,\"admin\":false,\"dataScope\":\"2\",\"params\":{},\"roleSort\":\"2\",\"deptCheckStrictly\":false,\"menuCheckStrictly\":false,\"roleKey\":\"common\",\"roleName\":\"普通角色\",\"status\":\"0\"}],\"phonenumber\":\"\",\"admin\":false,\"remark\":\"11\",\"delFlag\":\"0\",\"password\":\"\",\"updateBy\":\"admin\",\"postIds\":[1,2,3,4],\"loginIp\":\"\",\"email\":\"1@11.com\",\"nickName\":\"王\",\"sex\":\"0\",\"deptId\":105,\"avatar\":\"\",\"dept\":{\"deptName\":\"测试部门\",\"leader\":\"朗新\",\"deptId\":105,\"orderNum\":\"3\",\"params\":{},\"parentId\":101,\"children\":[],\"status\":\"0\"},\"params\":{},\"userName\":\"123333\",\"userId\":141,\"createBy\":\"admin\",\"roleIds\":[2],\"createTime\":1614841714000,\"status\":\"0\"}','{\"msg\":\"操作成功\",\"code\":200}',0,NULL,'2021-03-04 15:08:50'),(1341,'用户管理',2,'com.ruoyi.system.controller.SysUserController.edit()','PUT',1,'admin',NULL,'/user','172.19.4.56','','{\"roles\":[{\"flag\":false,\"roleId\":2,\"admin\":false,\"dataScope\":\"2\",\"params\":{},\"roleSort\":\"2\",\"deptCheckStrictly\":false,\"menuCheckStrictly\":false,\"roleKey\":\"common\",\"roleName\":\"普通角色\",\"status\":\"0\"}],\"phonenumber\":\"\",\"admin\":false,\"remark\":\"11\",\"delFlag\":\"0\",\"password\":\"\",\"updateBy\":\"admin\",\"postIds\":[4,3,1,2],\"loginIp\":\"\",\"email\":\"1@11.com\",\"nickName\":\"王\",\"sex\":\"0\",\"deptId\":105,\"avatar\":\"\",\"dept\":{\"deptName\":\"测试部门\",\"leader\":\"朗新\",\"deptId\":105,\"orderNum\":\"3\",\"params\":{},\"parentId\":101,\"children\":[],\"status\":\"0\"},\"params\":{},\"userName\":\"123333\",\"userId\":141,\"createBy\":\"admin\",\"roleIds\":[2,100,111],\"createTime\":1614841714000,\"status\":\"0\"}','{\"msg\":\"操作成功\",\"code\":200}',0,NULL,'2021-03-04 15:09:06'),(1351,'用户管理',2,'com.ruoyi.system.controller.SysUserController.resetPwd()','PUT',1,'admin',NULL,'/user/resetPwd','172.19.4.56','','{\"admin\":false,\"password\":\"$2a$10$lqmvdsSEDapi6SJfHh5jXedVpEda4C98kNEn8.03HtpLMpHSswviK\",\"updateBy\":\"admin\",\"params\":{},\"userId\":141}','{\"msg\":\"操作成功\",\"code\":200}',0,NULL,'2021-03-04 15:09:13'),(1361,'用户管理',3,'com.ruoyi.system.controller.SysUserController.remove()','DELETE',1,'admin',NULL,'/user/141','172.19.4.56','',NULL,'{\"msg\":\"操作成功\",\"code\":200}',0,NULL,'2021-03-04 15:09:45'),(1371,'用户管理',1,'com.ruoyi.system.controller.SysUserController.add()','POST',1,'admin',NULL,'/user','172.19.3.88','','{\"phonenumber\":\"15868887669\",\"admin\":false,\"remark\":\"test\",\"password\":\"$2a$10$hSEm4NPqPbQYZMKllFrEH.cfDDk55rpRq10v9Ir/A7YrHLxfR.07.\",\"postIds\":[1],\"email\":\"873794975@qq.com\",\"nickName\":\"唐建业\",\"sex\":\"0\",\"deptId\":103,\"params\":{},\"userName\":\"tjy\",\"userId\":151,\"createBy\":\"admin\",\"roleIds\":[100],\"status\":\"0\"}','{\"msg\":\"操作成功\",\"code\":200}',0,NULL,'2021-03-04 15:13:56'),(1381,'用户管理',2,'com.ruoyi.system.controller.SysUserController.resetPwd()','PUT',1,'admin',NULL,'/user/resetPwd','172.19.3.88','','{\"admin\":false,\"password\":\"$2a$10$S45UHJwdLZnyDGKPSFWSeeTemb2sG.ebX.GiInNc4lZSKV4l.ZgNu\",\"updateBy\":\"admin\",\"params\":{},\"userId\":151}','{\"msg\":\"操作成功\",\"code\":200}',0,NULL,'2021-03-04 15:14:25'),(1391,'个人信息',2,'com.ruoyi.system.controller.SysProfileController.updatePwd()','PUT',1,'tjy',NULL,'/user/profile/updatePwd','172.19.3.88','','blast1301 123456','{\"msg\":\"操作成功\",\"code\":200}',0,NULL,'2021-03-04 15:16:36'),(1401,'用户管理',2,'com.ruoyi.system.controller.SysUserController.resetPwd()','PUT',1,'admin',NULL,'/user/resetPwd','127.0.0.1','','{\"admin\":true,\"password\":\"admin123\",\"params\":{},\"userId\":1}','null',1,'不允许操作超级管理员用户','2021-03-05 10:47:22'),(1411,'用户管理',1,'com.ruoyi.system.controller.SysUserController.add()','POST',1,'admin',NULL,'/user','127.0.0.1','','{\"admin\":false,\"password\":\"$2a$10$vXA/m/BsRDFQCkl3nR7ZFux2jpxVQgk6tHYCqLap8G8GekQCDcAyC\",\"postIds\":[],\"nickName\":\"test123\",\"deptId\":103,\"params\":{},\"userName\":\"test123\",\"userId\":161,\"createBy\":\"admin\",\"roleIds\":[],\"status\":\"0\"}','{\"msg\":\"操作成功\",\"code\":200}',0,NULL,'2021-03-05 10:48:59'),(1421,'用户管理',2,'com.ruoyi.system.controller.SysUserController.resetPwd()','PUT',1,'admin',NULL,'/user/resetPwd','127.0.0.1','','{\"admin\":false,\"password\":\"$2a$10$5p0SU73ted9.ki4KadAgbOA19TaJ5j5941smtFggpjNKGzndTpHr6\",\"updateBy\":\"admin\",\"params\":{},\"userId\":161}','{\"msg\":\"操作成功\",\"code\":200}',0,NULL,'2021-03-05 10:55:33'),(1431,'个人信息',2,'com.ruoyi.system.controller.SysProfileController.updatePwd()','PUT',1,'admin',NULL,'/user/profile/updatePwd','127.0.0.1','','admin123 admin123','{\"msg\":\"新密码不能与旧密码相同\",\"code\":500}',0,NULL,'2021-03-05 10:57:33'),(1441,'用户管理',1,'com.ruoyi.system.controller.SysUserController.add()','POST',1,'admin',NULL,'/user','127.0.0.1','','{\"admin\":false,\"remark\":\"111\",\"password\":\"$2a$10$/iYjc5fi0Kt0fX8Dsupe1u0m/EzdRvE0KEc9a.NS0mbEhZr2gmPk.\",\"postIds\":[1],\"nickName\":\"test123456\",\"deptId\":103,\"params\":{},\"userName\":\"test123456\",\"userId\":171,\"createBy\":\"admin\",\"roleIds\":[2],\"status\":\"0\"}','{\"msg\":\"操作成功\",\"code\":200}',0,NULL,'2021-03-05 11:25:08'),(1451,'用户管理',3,'com.ruoyi.system.controller.SysUserController.remove()','DELETE',1,'admin',NULL,'/user/151','127.0.0.1','',NULL,'{\"msg\":\"操作成功\",\"code\":200}',0,NULL,'2021-03-05 11:33:05'),(1461,'用户管理',2,'com.ruoyi.system.controller.SysUserController.resetPwd()','PUT',1,'admin',NULL,'/user/resetPwd','127.0.0.1','','{\"admin\":false,\"password\":\"$2a$10$zOFTnNG7nhjmfyWtE5lmY.kFIVKVDtYwBQJ68ZuZbGUUPNFWHQFAG\",\"updateBy\":\"admin\",\"params\":{},\"userId\":151,\"status\":\"2\"}','{\"msg\":\"操作成功\",\"code\":200}',0,NULL,'2021-03-05 15:29:43'),(1471,'用户管理',1,'com.ruoyi.system.controller.SysUserController.add()','POST',1,'admin',NULL,'/user','127.0.0.1','','{\"admin\":false,\"remark\":\"测试密码加密\",\"password\":\"123456\",\"postIds\":[1],\"nickName\":\"tjy001\",\"sex\":\"0\",\"params\":{},\"userName\":\"tjy001\",\"createBy\":\"admin\",\"roleIds\":[2],\"status\":\"0\"}','null',1,'','2021-03-05 16:20:03'),(1481,'用户管理',1,'com.ruoyi.system.controller.SysUserController.add()','POST',1,'admin',NULL,'/user','127.0.0.1','','{\"admin\":false,\"remark\":\"测试密码加密\",\"password\":\"123456\",\"postIds\":[1,2],\"nickName\":\"tjy001\",\"sex\":\"0\",\"params\":{},\"userName\":\"tjy001\",\"createBy\":\"admin\",\"roleIds\":[2,100],\"status\":\"0\"}','null',1,'','2021-03-05 16:22:29'),(1491,'用户管理',1,'com.ruoyi.system.controller.SysUserController.add()','POST',1,'admin',NULL,'/user','127.0.0.1','','{\"admin\":false,\"remark\":\"测试密码加密\",\"password\":\"123456\",\"postIds\":[2,1],\"nickName\":\"tjy001\",\"sex\":\"0\",\"deptId\":103,\"params\":{},\"userName\":\"tjy001\",\"createBy\":\"admin\",\"roleIds\":[2,100],\"status\":\"0\"}','null',1,'','2021-03-05 16:23:38'),(1501,'用户管理',1,'com.ruoyi.system.controller.SysUserController.add()','POST',1,'admin',NULL,'/user','127.0.0.1','','{\"admin\":false,\"remark\":\"测试密码\",\"password\":\"$2a$10$GRwlt2XxDRNM/lUK6SqcbeKrOcd4mEBIKQb7P1nF/bLN65qwL9N4m\",\"postIds\":[1,2],\"nickName\":\"唐建业\",\"sex\":\"0\",\"params\":{},\"userName\":\"tjy001\",\"userId\":181,\"createBy\":\"admin\",\"roleIds\":[2,100],\"status\":\"2\"}','{\"msg\":\"操作成功\",\"code\":200}',0,NULL,'2021-03-05 16:24:51'),(1511,'用户管理',1,'com.ruoyi.system.controller.SysUserController.add()','POST',1,'admin',NULL,'/user','127.0.0.1','','{\"admin\":false,\"remark\":\"测试状态\",\"password\":\"$2a$10$f53Js2uTDanQuLQRo/OZtu44Wa82OKV5Gvb.bevSWTq4osJLytbhG\",\"postIds\":[1,2],\"nickName\":\"user001\",\"sex\":\"0\",\"params\":{},\"userName\":\"tjy002\",\"userId\":191,\"createBy\":\"admin\",\"roleIds\":[2,100],\"status\":\"2\"}','{\"msg\":\"操作成功\",\"code\":200}',0,NULL,'2021-03-05 16:26:00'),(1521,'用户管理',1,'com.ruoyi.system.controller.SysUserController.add()','POST',1,'admin',NULL,'/user','127.0.0.1','','{\"admin\":false,\"remark\":\"测试归属部门\",\"password\":\"$2a$10$2NXMhDcp5cPLZ0entecr3eC3q6CpBOkUvblKkbNPJys.rh8eimYhO\",\"postIds\":[1,3],\"nickName\":\"测试归属部门\",\"sex\":\"0\",\"deptId\":103,\"params\":{},\"userName\":\"测试\",\"userId\":201,\"createBy\":\"admin\",\"roleIds\":[2,100],\"status\":\"2\"}','{\"msg\":\"操作成功\",\"code\":200}',0,NULL,'2021-03-05 16:31:08'),(1531,'用户管理',2,'com.ruoyi.system.controller.SysUserController.resetPwd()','PUT',1,'admin',NULL,'/user/resetPwd','127.0.0.1','','{\"admin\":false,\"password\":\"$2a$10$75QMeNeFSTpBrIv9w0YgxeBdamt0qd3sLNSmwjGnPsL9xwtwjjBiq\",\"updateBy\":\"admin\",\"params\":{},\"userId\":201,\"status\":\"2\"}','{\"msg\":\"操作成功\",\"code\":200}',0,NULL,'2021-03-05 16:31:54'),(1541,'个人信息',2,'com.ruoyi.system.controller.SysProfileController.updatePwd()','PUT',1,'tjy001',NULL,'/user/profile/updatePwd','127.0.0.1','','azP6y+BIcoXDi9YkS+xMAYYi6hgHlAhnHdDqAR/yG2CWg7fxLUIWBAD/Ub6bPucZMD9Et8eKnPdXknwMOM8aMEwWpSYL9oAQbz3Jh4EZN9892nUJWqrf5+k0xAqWj+B4O4TodADnFrQPEK4s0MP2U4motPF61JVAsQctPiuUw/M= f0TnjJcsQ0PMNtqxmSzPAlX5Y7bq1CQyLk55jTWPzFwWhTERrxd3k1prcWJWyPPkhbffJUXRZwP8Vh4sG6CRtvzWJj/eTsVll6/yDptmHQFZFqzkc3+bi9nZIphVFuZ+owAdYhFtDQvGNqw0HED2o5XRK73s2snEljRh1Duek7A=','{\"msg\":\"密码必须在8-16位,包含大写字母，小写字母，数字,特殊符号!\",\"code\":500}',0,NULL,'2021-03-05 17:01:11'),(1551,'个人信息',2,'com.ruoyi.system.controller.SysProfileController.updatePwd()','PUT',1,'tjy001',NULL,'/user/profile/updatePwd','127.0.0.1','','WbBOvJ2ZtKaIhwopgSa0CI18Hw2nl/aP5kub+126QhrnDZoERS1wTAc0zgvthaUrb1ZyjF/8HkhduKh67kHcbEGiTYaEc+cXE9TjRawEKfEsic/cETKtTVet//CRZSafsUczKICgDIsQflON/VG51bMmMdyF6ng1hktJoxwHvLk= dCcIIMEodehAF2jo+qm07+2x+IRxDwcC1ddckIZvSNBKz/BCaZY8oOR4bMS6H2KcFOeusqfBDHTUrZNicWcN8dhJPQw8fNFpOBUhfUiEfmUXKSUJO15UK2LQ+UYn5hSMWjDqPRIQJnK1ba4BdzbfthzbU40aniRESvQhLs1wUKk=','{\"msg\":\"密码必须在8-16位,包含大写字母，小写字母，数字,特殊符号!\",\"code\":500}',0,NULL,'2021-03-05 17:01:18'),(1561,'个人信息',2,'com.ruoyi.system.controller.SysProfileController.updatePwd()','PUT',1,'tjy001',NULL,'/user/profile/updatePwd','127.0.0.1','','IfGLFb0JPYJRVQMo1HoLprpwInrIBW7hoxBcg5ynxSRIHTRpj1vo9WyQIxcRZpNA5VpFBe9CGUJB0kl29tMDVSL5dF0N5wxLQZHWNdALf+nWDKbKkrJRvE4pDi1zabRIOpYusbka/NUIei/Oa2XlJybH16IlaT1ZZkZPTTFwovw= JbopwrCgjKY+fwsR1HCTjdEcrY0O3Rmz3IwSRvoO17vFdbV4E/TU7omiPxVjrliYerV8cxjNPC8XLnaoKFCvKuqyKEnupd3/CW3ErKjlYOfeHxMDrBmCsgRl0pTi57CtvhL5XknwaT0tyXBqX8xo2DQ2bYd5fjR4uO+C6UtrkbI=','{\"msg\":\"操作成功\",\"code\":200}',0,NULL,'2021-03-05 17:01:31'),(1571,'角色管理',1,'com.ruoyi.system.controller.SysRoleController.add()','POST',1,'admin',NULL,'/role','172.21.100.3','','{\"flag\":false,\"roleId\":121,\"admin\":false,\"params\":{},\"roleSort\":\"8\",\"deptCheckStrictly\":true,\"createBy\":\"admin\",\"menuCheckStrictly\":true,\"roleKey\":\"WeChat\",\"roleName\":\"微信小程序\",\"deptIds\":[],\"menuIds\":[],\"status\":\"0\"}','{\"msg\":\"操作成功\",\"code\":200}',0,NULL,'2021-03-08 10:56:09'),(1581,'菜单管理',1,'com.ruoyi.system.controller.SysMenuController.add()','POST',1,'admin',NULL,'/menu','172.21.100.3','','{\"visible\":\"1\",\"icon\":\"wechat\",\"orderNum\":\"999\",\"menuName\":\"微信小程序接口\",\"params\":{},\"parentId\":0,\"isCache\":\"0\",\"path\":\"wechat:all\",\"createBy\":\"admin\",\"children\":[],\"isFrame\":\"1\",\"menuType\":\"M\",\"status\":\"0\"}','{\"msg\":\"操作成功\",\"code\":200}',0,NULL,'2021-03-08 10:57:35'),(1591,'菜单管理',1,'com.ruoyi.system.controller.SysMenuController.add()','POST',1,'admin',NULL,'/menu','172.21.100.3','','{\"visible\":\"1\",\"orderNum\":\"1\",\"menuName\":\"获取事件列表\",\"params\":{},\"parentId\":2201,\"isCache\":\"0\",\"path\":\"/v1/getEventList\",\"createBy\":\"admin\",\"children\":[],\"isFrame\":\"1\",\"menuType\":\"C\",\"status\":\"0\"}','{\"msg\":\"操作成功\",\"code\":200}',0,NULL,'2021-03-08 10:59:02'),(1601,'角色管理',2,'com.ruoyi.system.controller.SysRoleController.edit()','PUT',1,'admin',NULL,'/role','172.21.100.3','','{\"flag\":false,\"roleId\":121,\"admin\":false,\"dataScope\":\"1\",\"delFlag\":\"0\",\"params\":{},\"roleSort\":\"8\",\"deptCheckStrictly\":true,\"createTime\":1615172169000,\"updateBy\":\"admin\",\"menuCheckStrictly\":true,\"roleKey\":\"WeChat\",\"roleName\":\"微信小程序\",\"menuIds\":[2201,2211],\"status\":\"0\"}','{\"msg\":\"操作成功\",\"code\":200}',0,NULL,'2021-03-08 10:59:14'),(1611,'角色管理',2,'com.ruoyi.system.controller.SysRoleController.edit()','PUT',1,'admin',NULL,'/role','172.21.100.3','','{\"flag\":false,\"roleId\":121,\"admin\":false,\"dataScope\":\"1\",\"delFlag\":\"0\",\"params\":{},\"roleSort\":\"8\",\"deptCheckStrictly\":true,\"createTime\":1615172169000,\"updateBy\":\"admin\",\"menuCheckStrictly\":true,\"roleKey\":\"WeChat\",\"roleName\":\"微信小程序\",\"menuIds\":[2201,2211],\"status\":\"0\"}','{\"msg\":\"操作成功\",\"code\":200}',0,NULL,'2021-03-08 10:59:14'),(1621,'用户管理',1,'com.ruoyi.system.controller.SysUserController.add()','POST',1,'admin',NULL,'/user','172.21.100.3','','{\"admin\":false,\"password\":\"$2a$10$jCWH/GHYdb9aAmfwAyOKNuibwb4bqKyRRcCt/xAF4WS231SZbZ14a\",\"postIds\":[],\"nickName\":\"小程序通用用户\",\"deptId\":101,\"params\":{},\"userName\":\"app_001\",\"userId\":211,\"createBy\":\"admin\",\"roleIds\":[121],\"status\":\"0\"}','{\"msg\":\"操作成功\",\"code\":200}',0,NULL,'2021-03-08 11:00:17'),(1631,'用户管理',2,'com.ruoyi.system.controller.SysUserController.resetPwd()','PUT',1,'admin',NULL,'/user/resetPwd','172.21.100.3','','{\"admin\":false,\"password\":\"$2a$10$M32R6JlF4qsNeCaFBENHaOJgbKgtuTYqq9BsyECfP0vsncIkcBR1W\",\"updateBy\":\"admin\",\"params\":{},\"userId\":211}','{\"msg\":\"操作成功\",\"code\":200}',0,NULL,'2021-03-08 11:02:38'),(1641,'参数管理',2,'com.ruoyi.system.controller.SysConfigController.edit()','PUT',1,'admin',NULL,'/config','172.19.3.88','','{\"configName\":\"主框架页-默认皮肤样式名称\",\"configKey\":\"sys.index.skinName\",\"createBy\":\"admin\",\"createTime\":1521171180000,\"updateBy\":\"admin\",\"configId\":1,\"remark\":\"蓝色 skin-blue、绿色 skin-green、紫色 skin-purple、红色 skin-red、黄色 skin-yellow\",\"updateTime\":1521171180000,\"configType\":\"Y\",\"configValue\":\"skin-green\",\"params\":{}}','{\"msg\":\"操作成功\",\"code\":200}',0,NULL,'2021-03-08 11:03:14'),(1651,'用户管理',2,'com.ruoyi.system.controller.SysUserController.resetPwd()','PUT',1,'admin',NULL,'/user/resetPwd','172.21.100.3','','{\"admin\":false,\"password\":\"$2a$10$yidoJVsiNOomB21QIsuJXONaK0N50dD1Eu65YV.s05Zb5GeGqNeZy\",\"updateBy\":\"admin\",\"params\":{},\"userId\":211}','{\"msg\":\"操作成功\",\"code\":200}',0,NULL,'2021-03-08 11:11:26'),(1661,'用户管理',2,'com.ruoyi.system.controller.SysUserController.resetPwd()','PUT',1,'admin',NULL,'/user/resetPwd','172.21.100.3','','{\"admin\":false,\"password\":\"$2a$10$0PafRsDwVzhjLiBtugEpbuIvzlQl8dlW8UEkh30uMygXAM62K3Se6\",\"updateBy\":\"admin\",\"params\":{},\"userId\":211}','{\"msg\":\"操作成功\",\"code\":200}',0,NULL,'2021-03-08 11:13:16'),(1671,'参数管理',1,'com.ruoyi.system.controller.SysConfigController.add()','POST',1,'admin',NULL,'/config','127.0.0.1','','{\"configName\":\"登录管理-账号锁定次数\",\"configKey\":\"sys.login.lock.count\",\"createBy\":\"admin\",\"remark\":\"密码输入错误次数达到设置值，则锁定账号\",\"configType\":\"Y\",\"configValue\":\"3\",\"params\":{}}','{\"msg\":\"操作成功\",\"code\":200}',0,NULL,'2021-03-08 15:46:52'),(1681,'参数管理',1,'com.ruoyi.system.controller.SysConfigController.add()','POST',1,'admin',NULL,'/config','127.0.0.1','','{\"configName\":\"登录管理-账号锁定自动释放时间\",\"configKey\":\"sys.login.lock.minute\",\"createBy\":\"admin\",\"remark\":\"密码输入错误次数过多锁定账号，经过参数设置时间可以再此登录\",\"configType\":\"Y\",\"configValue\":\"5\",\"params\":{}}','{\"msg\":\"操作成功\",\"code\":200}',0,NULL,'2021-03-08 15:56:51'),(1691,'用户管理',2,'com.ruoyi.system.controller.SysUserController.resetPwd()','PUT',1,'admin',NULL,'/user/resetPwd','127.0.0.1','','{\"admin\":false,\"password\":\"$2a$10$/TRpOntkuy9zj3gONKxobORzfJb.M8FsmQtozeBko7WsQlByvHRqu\",\"updateBy\":\"admin\",\"params\":{},\"userId\":151,\"status\":\"3\"}','{\"msg\":\"操作成功\",\"code\":200}',0,NULL,'2021-03-08 16:24:13'),(1701,'参数管理',2,'com.ruoyi.system.controller.SysConfigController.edit()','PUT',1,'admin',NULL,'/config','127.0.0.1','','{\"configName\":\"登录管理-账号锁定自动释放时间\",\"configKey\":\"sys.login.lock.minute\",\"createBy\":\"admin\",\"createTime\":1615190211000,\"updateBy\":\"admin\",\"configId\":141,\"remark\":\"密码输入错误次数过多锁定账号，经过参数设置时间可以再此登录\",\"configType\":\"Y\",\"configValue\":\"1\",\"params\":{}}','{\"msg\":\"操作成功\",\"code\":200}',0,NULL,'2021-03-08 16:37:49'),(1711,'字典数据',1,'com.ruoyi.system.controller.SysDictDataController.add()','POST',1,'admin',NULL,'/dict/data','127.0.0.1','','{\"dictValue\":\"2\",\"dictSort\":0,\"params\":{},\"dictType\":\"sys_normal_disable\",\"dictLabel\":\"删除\",\"createBy\":\"admin\",\"default\":false,\"status\":\"1\"}','{\"msg\":\"操作成功\",\"code\":200}',0,NULL,'2021-03-08 17:22:26'),(1721,'字典数据',1,'com.ruoyi.system.controller.SysDictDataController.add()','POST',1,'admin',NULL,'/dict/data','127.0.0.1','','{\"dictValue\":\"3\",\"dictSort\":0,\"params\":{},\"dictType\":\"sys_normal_disable\",\"dictLabel\":\"初始化\",\"createBy\":\"admin\",\"default\":false,\"status\":\"0\"}','{\"msg\":\"操作成功\",\"code\":200}',0,NULL,'2021-03-08 17:22:51'),(1731,'字典数据',2,'com.ruoyi.system.controller.SysDictDataController.edit()','PUT',1,'admin',NULL,'/dict/data','127.0.0.1','','{\"dictValue\":\"2\",\"dictSort\":2,\"params\":{},\"dictType\":\"sys_normal_disable\",\"dictLabel\":\"删除\",\"createBy\":\"admin\",\"default\":false,\"isDefault\":\"N\",\"createTime\":1615195346000,\"dictCode\":101,\"updateBy\":\"admin\",\"status\":\"1\"}','{\"msg\":\"操作成功\",\"code\":200}',0,NULL,'2021-03-08 17:22:58'),(1741,'字典数据',2,'com.ruoyi.system.controller.SysDictDataController.edit()','PUT',1,'admin',NULL,'/dict/data','127.0.0.1','','{\"dictValue\":\"3\",\"dictSort\":3,\"remark\":\"密码初始化\",\"params\":{},\"dictType\":\"sys_normal_disable\",\"dictLabel\":\"初始化\",\"createBy\":\"admin\",\"default\":false,\"isDefault\":\"N\",\"createTime\":1615195371000,\"dictCode\":111,\"updateBy\":\"admin\",\"status\":\"0\"}','{\"msg\":\"操作成功\",\"code\":200}',0,NULL,'2021-03-08 17:23:06'),(1751,'字典数据',1,'com.ruoyi.system.controller.SysDictDataController.add()','POST',1,'admin',NULL,'/dict/data','127.0.0.1','','{\"dictValue\":\"4\",\"dictSort\":4,\"remark\":\"账号锁定\",\"params\":{},\"dictType\":\"sys_normal_disable\",\"dictLabel\":\"锁定\",\"createBy\":\"admin\",\"default\":false,\"status\":\"0\"}','{\"msg\":\"操作成功\",\"code\":200}',0,NULL,'2021-03-08 17:23:37'),(1761,'字典类型',9,'com.ruoyi.system.controller.SysDictTypeController.clearCache()','DELETE',1,'admin',NULL,'/dict/type/clearCache','127.0.0.1','',NULL,'{\"msg\":\"操作成功\",\"code\":200}',0,NULL,'2021-03-08 17:23:58'),(1771,'字典类型',9,'com.ruoyi.system.controller.SysDictTypeController.clearCache()','DELETE',1,'admin',NULL,'/dict/type/clearCache','127.0.0.1','',NULL,'{\"msg\":\"操作成功\",\"code\":200}',0,NULL,'2021-03-08 17:24:06'),(1781,'字典类型',3,'com.ruoyi.system.controller.SysDictDataController.remove()','DELETE',1,'admin',NULL,'/dict/data/121','127.0.0.1','',NULL,'{\"msg\":\"操作成功\",\"code\":200}',0,NULL,'2021-03-08 17:28:33'),(1791,'字典类型',3,'com.ruoyi.system.controller.SysDictDataController.remove()','DELETE',1,'admin',NULL,'/dict/data/111','127.0.0.1','',NULL,'{\"msg\":\"操作成功\",\"code\":200}',0,NULL,'2021-03-08 17:28:35'),(1801,'字典类型',3,'com.ruoyi.system.controller.SysDictDataController.remove()','DELETE',1,'admin',NULL,'/dict/data/101','127.0.0.1','',NULL,'{\"msg\":\"操作成功\",\"code\":200}',0,NULL,'2021-03-08 17:28:37'),(1811,'字典类型',9,'com.ruoyi.system.controller.SysDictTypeController.clearCache()','DELETE',1,'admin',NULL,'/dict/type/clearCache','127.0.0.1','',NULL,'{\"msg\":\"操作成功\",\"code\":200}',0,NULL,'2021-03-08 17:28:58'),(1821,'字典类型',1,'com.ruoyi.system.controller.SysDictTypeController.add()','POST',1,'admin',NULL,'/dict/type','127.0.0.1','','{\"createBy\":\"admin\",\"dictName\":\"用户状态\",\"params\":{},\"dictType\":\"sys_user_status\",\"status\":\"0\"}','{\"msg\":\"操作成功\",\"code\":200}',0,NULL,'2021-03-08 17:29:47'),(1831,'字典数据',1,'com.ruoyi.system.controller.SysDictDataController.add()','POST',1,'admin',NULL,'/dict/data','127.0.0.1','','{\"dictValue\":\"0\",\"dictSort\":0,\"params\":{},\"dictType\":\"sys_user_status\",\"dictLabel\":\"正常\",\"createBy\":\"admin\",\"default\":false,\"status\":\"0\"}','{\"msg\":\"操作成功\",\"code\":200}',0,NULL,'2021-03-08 17:30:05'),(1841,'字典数据',1,'com.ruoyi.system.controller.SysDictDataController.add()','POST',1,'admin',NULL,'/dict/data','127.0.0.1','','{\"dictValue\":\"1\",\"dictSort\":1,\"params\":{},\"dictType\":\"sys_user_status\",\"dictLabel\":\"停用\",\"createBy\":\"admin\",\"default\":false,\"status\":\"0\"}','{\"msg\":\"操作成功\",\"code\":200}',0,NULL,'2021-03-08 17:30:16'),(1851,'字典数据',1,'com.ruoyi.system.controller.SysDictDataController.add()','POST',1,'admin',NULL,'/dict/data','127.0.0.1','','{\"dictValue\":\"2\",\"dictSort\":2,\"params\":{},\"dictType\":\"sys_user_status\",\"dictLabel\":\"删除\",\"createBy\":\"admin\",\"default\":false,\"status\":\"0\"}','{\"msg\":\"操作成功\",\"code\":200}',0,NULL,'2021-03-08 17:30:30'),(1861,'字典数据',1,'com.ruoyi.system.controller.SysDictDataController.add()','POST',1,'admin',NULL,'/dict/data','127.0.0.1','','{\"dictValue\":\"3\",\"dictSort\":3,\"params\":{},\"dictType\":\"sys_user_status\",\"dictLabel\":\"初始化\",\"createBy\":\"admin\",\"default\":false,\"status\":\"0\"}','{\"msg\":\"操作成功\",\"code\":200}',0,NULL,'2021-03-08 17:30:44'),(1871,'字典数据',1,'com.ruoyi.system.controller.SysDictDataController.add()','POST',1,'admin',NULL,'/dict/data','127.0.0.1','','{\"dictValue\":\"4\",\"dictSort\":4,\"params\":{},\"dictType\":\"sys_user_status\",\"dictLabel\":\"锁定\",\"createBy\":\"admin\",\"default\":false,\"status\":\"0\"}','{\"msg\":\"操作成功\",\"code\":200}',0,NULL,'2021-03-08 17:30:59'),(1881,'字典数据',2,'com.ruoyi.system.controller.SysDictDataController.edit()','PUT',1,'admin',NULL,'/dict/data','127.0.0.1','','{\"dictValue\":\"2\",\"dictSort\":2,\"params\":{},\"dictType\":\"sys_user_status\",\"dictLabel\":\"删除\",\"createBy\":\"admin\",\"default\":false,\"isDefault\":\"N\",\"createTime\":1615195830000,\"dictCode\":151,\"updateBy\":\"admin\",\"status\":\"1\"}','{\"msg\":\"操作成功\",\"code\":200}',0,NULL,'2021-03-08 17:32:45'),(1891,'字典类型',9,'com.ruoyi.system.controller.SysDictTypeController.clearCache()','DELETE',1,'admin',NULL,'/dict/type/clearCache','127.0.0.1','',NULL,'{\"msg\":\"操作成功\",\"code\":200}',0,NULL,'2021-03-08 17:32:53'),(1901,'用户管理',2,'com.ruoyi.system.controller.SysUserController.changeStatus()','PUT',1,'admin',NULL,'/user/changeStatus','127.0.0.1','','{\"admin\":false,\"updateBy\":\"admin\",\"params\":{},\"userId\":151,\"status\":\"0\"}','{\"msg\":\"操作成功\",\"code\":200}',0,NULL,'2021-03-08 17:38:52'),(1911,'用户管理',2,'com.ruoyi.system.controller.SysUserController.edit()','PUT',1,'admin',NULL,'/user','127.0.0.1','','{\"roles\":[{\"flag\":false,\"roleId\":2,\"admin\":false,\"dataScope\":\"2\",\"params\":{},\"roleSort\":\"2\",\"deptCheckStrictly\":false,\"menuCheckStrictly\":false,\"roleKey\":\"common\",\"roleName\":\"普通角色\",\"status\":\"0\"},{\"flag\":false,\"roleId\":100,\"admin\":false,\"dataScope\":\"4\",\"params\":{},\"roleSort\":\"3\",\"deptCheckStrictly\":false,\"menuCheckStrictly\":false,\"roleKey\":\"norSys\",\"roleName\":\"一般管理员\",\"status\":\"0\"}],\"phonenumber\":\"\",\"admin\":false,\"remark\":\"测试状态\",\"delFlag\":\"0\",\"password\":\"\",\"updateBy\":\"admin\",\"postIds\":[1,2],\"email\":\"\",\"nickName\":\"user001\",\"sex\":\"0\",\"avatar\":\"\",\"params\":{},\"userName\":\"tjy002\",\"userId\":191,\"createBy\":\"admin\",\"roleIds\":[2,100],\"createTime\":1614932760000,\"status\":\"0\"}','{\"msg\":\"操作成功\",\"code\":200}',0,NULL,'2021-03-08 17:39:27'),(1921,'用户管理',2,'com.ruoyi.system.controller.SysUserController.edit()','PUT',1,'admin',NULL,'/user','127.0.0.1','','{\"roles\":[{\"flag\":false,\"roleId\":1,\"admin\":true,\"dataScope\":\"1\",\"params\":{},\"roleSort\":\"1\",\"deptCheckStrictly\":false,\"menuCheckStrictly\":false,\"roleKey\":\"admin\",\"roleName\":\"超级管理员\",\"status\":\"0\"}],\"phonenumber\":\"15888888888\",\"admin\":true,\"loginDate\":1521171180000,\"remark\":\"管理员\",\"delFlag\":\"0\",\"password\":\"\",\"postIds\":[1],\"loginIp\":\"127.0.0.1\",\"email\":\"sd@longshine.com\",\"nickName\":\"新能源\",\"sex\":\"0\",\"deptId\":103,\"avatar\":\"\",\"dept\":{\"deptName\":\"研发部门\",\"leader\":\"朗新\",\"deptId\":103,\"orderNum\":\"1\",\"params\":{},\"parentId\":101,\"children\":[],\"status\":\"0\"},\"params\":{},\"userName\":\"admin\",\"userId\":1,\"createBy\":\"admin\",\"roleIds\":[1],\"createTime\":1521171180000,\"status\":\"0\"}','null',1,'不允许操作超级管理员用户','2021-03-08 18:29:59'),(1931,'用户管理',2,'com.ruoyi.system.controller.SysUserController.edit()','PUT',1,'admin',NULL,'/user','127.0.0.1','','{\"roles\":[{\"flag\":false,\"roleId\":111,\"admin\":false,\"dataScope\":\"1\",\"params\":{},\"roleSort\":\"88\",\"deptCheckStrictly\":false,\"menuCheckStrictly\":false,\"roleKey\":\"ShanXiUser\",\"roleName\":\"山西用户\",\"status\":\"0\"}],\"phonenumber\":\"\",\"admin\":false,\"delFlag\":\"0\",\"password\":\"\",\"updateBy\":\"admin\",\"postIds\":[],\"loginIp\":\"\",\"email\":\"\",\"nickName\":\"山西测试\",\"sex\":\"0\",\"avatar\":\"\",\"params\":{},\"userName\":\"sxcs\",\"userId\":111,\"createBy\":\"admin\",\"roleIds\":[111],\"createTime\":1614222683000,\"status\":\"0\"}','{\"msg\":\"操作成功\",\"code\":200}',0,NULL,'2021-03-08 18:30:06'),(1941,'用户管理',2,'com.ruoyi.system.controller.SysUserController.resetPwd()','PUT',1,'admin',NULL,'/user/resetPwd','127.0.0.1','','{\"admin\":false,\"password\":\"$2a$10$SIRUkdLS84tpZ4WTkewJm.UyYQUBHvVoYH6xQNJ7oUhKR6ZV40v3C\",\"updateBy\":\"admin\",\"params\":{},\"userId\":191,\"status\":\"3\"}','{\"msg\":\"操作成功\",\"code\":200}',0,NULL,'2021-03-08 18:35:05'),(1951,'参数管理',1,'com.ruoyi.system.controller.SysConfigController.add()','POST',1,'admin',NULL,'/config','127.0.0.1','','{\"configName\":\"登录管理-会话超时时间\",\"configKey\":\"sys.login.timeout.minute\",\"createBy\":\"admin\",\"remark\":\"用户登录不使用系统，超过设置时间，系统自动断开\",\"configType\":\"Y\",\"configValue\":\"5\",\"params\":{}}','{\"msg\":\"操作成功\",\"code\":200}',0,NULL,'2021-03-08 18:40:38'),(1961,'参数管理',2,'com.ruoyi.system.controller.SysConfigController.edit()','PUT',1,'admin',NULL,'/config','127.0.0.1','','{\"configName\":\"主框架页-默认皮肤样式名称\",\"configKey\":\"sys.index.skinName\",\"createBy\":\"admin\",\"createTime\":1521171180000,\"updateBy\":\"admin\",\"configId\":1,\"remark\":\"蓝色 skin-blue、绿色 skin-green、紫色 skin-purple、红色 skin-red、黄色 skin-yellow\",\"updateTime\":1615172594000,\"configType\":\"Y\",\"configValue\":\"skin-green\",\"params\":{}}','{\"msg\":\"操作成功\",\"code\":200}',0,NULL,'2021-03-09 10:45:16'),(1971,'个人信息',2,'com.ruoyi.system.controller.SysProfileController.updateProfile()','PUT',1,'admin',NULL,'/user/profile','127.0.0.1','','{\"roles\":[{\"flag\":false,\"roleId\":1,\"admin\":true,\"dataScope\":\"1\",\"params\":{},\"roleSort\":\"1\",\"deptCheckStrictly\":false,\"menuCheckStrictly\":false,\"roleKey\":\"admin\",\"roleName\":\"超级管理员\",\"status\":\"0\"}],\"phonenumber\":\"15888888888\",\"admin\":true,\"loginDate\":1521171180000,\"remark\":\"管理员\",\"delFlag\":\"0\",\"password\":\"$2a$10$7JB720yubVSZvUI0rEqK/.VqGOZTH.ulu33dHOiBE8ByOhJIrdAu2\",\"loginIp\":\"127.0.0.1\",\"email\":\"sd@longshine.com\",\"nickName\":\"新能源\",\"sex\":\"0\",\"deptId\":103,\"avatar\":\"\",\"dept\":{\"deptName\":\"研发部门\",\"leader\":\"朗新\",\"deptId\":103,\"orderNum\":\"1\",\"params\":{},\"parentId\":101,\"children\":[],\"status\":\"0\"},\"params\":{},\"userName\":\"admin\",\"userId\":1,\"createBy\":\"admin\",\"createTime\":1521171180000,\"status\":\"0\"}','{\"msg\":\"操作成功\",\"code\":200}',0,NULL,'2021-03-09 16:05:04'),(1981,'用户管理',2,'com.ruoyi.system.controller.SysUserController.changeStatus()','PUT',1,'admin',NULL,'/user/changeStatus','127.0.0.1','','{\"admin\":false,\"updateBy\":\"admin\",\"params\":{},\"userId\":201,\"status\":\"0\"}','{\"msg\":\"操作成功\",\"code\":200}',0,NULL,'2021-03-10 14:29:23'),(1991,'菜单管理',3,'com.ruoyi.system.controller.SysMenuController.remove()','DELETE',1,'admin',NULL,'/menu/2191','139.214.246.108','',NULL,'{\"msg\":\"菜单已分配,不允许删除\",\"code\":500}',0,NULL,'2021-03-16 09:43:36'),(1992,'菜单管理',2,'com.ruoyi.system.controller.SysMenuController.edit()','PUT',1,'admin',NULL,'/menu','139.214.246.108','','{\"visible\":\"1\",\"icon\":\"example\",\"orderNum\":\"0\",\"menuName\":\"DEMO\",\"params\":{},\"parentId\":0,\"isCache\":\"0\",\"path\":\"demo\",\"children\":[],\"createTime\":1614066633000,\"updateBy\":\"admin\",\"isFrame\":\"1\",\"menuId\":2031,\"menuType\":\"M\",\"perms\":\"\",\"status\":\"0\"}','{\"msg\":\"操作成功\",\"code\":200}',0,NULL,'2021-03-16 09:43:55'),(1993,'菜单管理',2,'com.ruoyi.system.controller.SysMenuController.edit()','PUT',1,'admin',NULL,'/menu','139.214.246.108','','{\"visible\":\"1\",\"icon\":\"build\",\"orderNum\":\"1\",\"menuName\":\"表单构建\",\"params\":{},\"parentId\":3,\"isCache\":\"0\",\"path\":\"build\",\"component\":\"tool/build/index\",\"children\":[],\"createTime\":1521171180000,\"updateBy\":\"admin\",\"isFrame\":\"1\",\"menuId\":114,\"menuType\":\"C\",\"perms\":\"tool:build:list\",\"status\":\"0\"}','{\"msg\":\"操作成功\",\"code\":200}',0,NULL,'2021-03-16 09:44:12'),(1994,'菜单管理',2,'com.ruoyi.system.controller.SysMenuController.edit()','PUT',1,'admin',NULL,'/menu','139.214.246.108','','{\"visible\":\"1\",\"icon\":\"code\",\"orderNum\":\"2\",\"menuName\":\"代码生成\",\"params\":{},\"parentId\":3,\"isCache\":\"0\",\"path\":\"gen\",\"component\":\"tool/gen/index\",\"children\":[],\"createTime\":1521171180000,\"updateBy\":\"admin\",\"isFrame\":\"1\",\"menuId\":115,\"menuType\":\"C\",\"perms\":\"tool:gen:list\",\"status\":\"0\"}','{\"msg\":\"操作成功\",\"code\":200}',0,NULL,'2021-03-16 09:44:17'),(1995,'菜单管理',2,'com.ruoyi.system.controller.SysMenuController.edit()','PUT',1,'admin',NULL,'/menu','139.214.246.108','','{\"visible\":\"1\",\"icon\":\"swagger\",\"orderNum\":\"3\",\"menuName\":\"系统接口\",\"params\":{},\"parentId\":3,\"isCache\":\"0\",\"path\":\"http://localhost:8080/swagger-ui.html\",\"component\":\"\",\"children\":[],\"createTime\":1521171180000,\"updateBy\":\"admin\",\"isFrame\":\"1\",\"menuId\":116,\"menuType\":\"C\",\"perms\":\"tool:swagger:list\",\"status\":\"0\"}','{\"msg\":\"操作成功\",\"code\":200}',0,NULL,'2021-03-16 09:44:23'),(1996,'菜单管理',2,'com.ruoyi.system.controller.SysMenuController.edit()','PUT',1,'admin',NULL,'/menu','139.214.246.108','','{\"visible\":\"1\",\"icon\":\"monitor\",\"orderNum\":\"99\",\"menuName\":\"系统监控\",\"params\":{},\"parentId\":0,\"isCache\":\"0\",\"path\":\"monitor\",\"children\":[],\"createTime\":1521171180000,\"updateBy\":\"admin\",\"isFrame\":\"1\",\"menuId\":2,\"menuType\":\"M\",\"perms\":\"\",\"status\":\"0\"}','{\"msg\":\"操作成功\",\"code\":200}',0,NULL,'2021-03-16 09:44:47');

/*Table structure for table `sys_post` */

DROP TABLE IF EXISTS `sys_post`;

CREATE TABLE `sys_post` (
  `post_id` bigint(20) NOT NULL AUTO_INCREMENT COMMENT '岗位ID',
  `post_code` varchar(64) NOT NULL COMMENT '岗位编码',
  `post_name` varchar(50) NOT NULL COMMENT '岗位名称',
  `post_sort` int(11) NOT NULL COMMENT '显示顺序',
  `status` char(1) NOT NULL COMMENT '状态（0正常 1停用）',
  `create_by` varchar(64) DEFAULT '' COMMENT '创建者',
  `create_time` datetime DEFAULT NULL COMMENT '创建时间',
  `update_by` varchar(64) DEFAULT '' COMMENT '更新者',
  `update_time` datetime DEFAULT NULL COMMENT '更新时间',
  `remark` varchar(500) DEFAULT NULL COMMENT '备注',
  PRIMARY KEY (`post_id`) USING BTREE
) ENGINE=InnoDB AUTO_INCREMENT=5 DEFAULT CHARSET=utf8 ROW_FORMAT=DYNAMIC COMMENT='岗位信息表';

/*Data for the table `sys_post` */

insert  into `sys_post`(`post_id`,`post_code`,`post_name`,`post_sort`,`status`,`create_by`,`create_time`,`update_by`,`update_time`,`remark`) values (1,'ceo','董事长',1,'0','admin','2018-03-16 11:33:00','admin','2018-03-16 11:33:00',''),(2,'se','项目经理',2,'0','admin','2018-03-16 11:33:00','admin','2018-03-16 11:33:00',''),(3,'hr','人力资源',3,'0','admin','2018-03-16 11:33:00','admin','2018-03-16 11:33:00',''),(4,'user','普通员工',4,'0','admin','2018-03-16 11:33:00','admin','2018-03-16 11:33:00','');

/*Table structure for table `sys_role` */

DROP TABLE IF EXISTS `sys_role`;

CREATE TABLE `sys_role` (
  `role_id` bigint(20) NOT NULL AUTO_INCREMENT COMMENT '角色ID',
  `role_name` varchar(30) NOT NULL COMMENT '角色名称',
  `role_key` varchar(100) NOT NULL COMMENT '角色权限字符串',
  `role_sort` int(11) NOT NULL COMMENT '显示顺序',
  `data_scope` char(1) DEFAULT '1' COMMENT '数据范围（1：全部数据权限 2：自定数据权限 3：本部门数据权限 4：本部门及以下数据权限）',
  `menu_check_strictly` tinyint(1) DEFAULT '1' COMMENT '菜单树选择项是否关联显示',
  `dept_check_strictly` tinyint(1) DEFAULT '1' COMMENT '部门树选择项是否关联显示',
  `status` char(1) NOT NULL COMMENT '角色状态（0正常 1停用）',
  `del_flag` char(1) DEFAULT '0' COMMENT '删除标志（0代表存在 2代表删除）',
  `create_by` varchar(64) DEFAULT '' COMMENT '创建者',
  `create_time` datetime DEFAULT NULL COMMENT '创建时间',
  `update_by` varchar(64) DEFAULT '' COMMENT '更新者',
  `update_time` datetime DEFAULT NULL COMMENT '更新时间',
  `remark` varchar(500) DEFAULT NULL COMMENT '备注',
  PRIMARY KEY (`role_id`) USING BTREE
) ENGINE=InnoDB AUTO_INCREMENT=131 DEFAULT CHARSET=utf8 ROW_FORMAT=DYNAMIC COMMENT='角色信息表';

/*Data for the table `sys_role` */

insert  into `sys_role`(`role_id`,`role_name`,`role_key`,`role_sort`,`data_scope`,`menu_check_strictly`,`dept_check_strictly`,`status`,`del_flag`,`create_by`,`create_time`,`update_by`,`update_time`,`remark`) values (1,'超级管理员','admin',1,'1',1,1,'0','0','admin','2018-03-16 11:33:00','ry','2018-03-16 11:33:00','超级管理员'),(2,'普通角色','common',2,'2',1,1,'0','0','admin','2018-03-16 11:33:00','admin','2021-03-04 14:30:12','普通角色'),(100,'一般管理员','norSys',3,'4',0,1,'0','0','admin','2021-01-25 09:33:06','admin','2021-03-04 14:30:05',NULL),(101,'售电普通用户','espUser',1,'1',1,1,'0','2','admin','2021-01-25 17:23:51','',NULL,NULL),(111,'山西用户','ShanXiUser',88,'1',1,1,'0','0','admin','2021-02-25 11:10:21','admin','2021-03-04 15:07:52',NULL),(121,'微信小程序','WeChat',8,'1',1,1,'0','0','admin','2021-03-08 10:56:09','admin','2021-03-08 10:59:14',NULL);

/*Table structure for table `sys_role_dept` */

DROP TABLE IF EXISTS `sys_role_dept`;

CREATE TABLE `sys_role_dept` (
  `role_id` bigint(20) NOT NULL COMMENT '角色ID',
  `dept_id` bigint(20) NOT NULL COMMENT '部门ID',
  PRIMARY KEY (`role_id`,`dept_id`) USING BTREE
) ENGINE=InnoDB DEFAULT CHARSET=utf8 ROW_FORMAT=DYNAMIC COMMENT='角色和部门关联表';

/*Data for the table `sys_role_dept` */

insert  into `sys_role_dept`(`role_id`,`dept_id`) values (2,100),(2,101),(2,105);

/*Table structure for table `sys_role_menu` */

DROP TABLE IF EXISTS `sys_role_menu`;

CREATE TABLE `sys_role_menu` (
  `role_id` bigint(20) NOT NULL COMMENT '角色ID',
  `menu_id` bigint(20) NOT NULL COMMENT '菜单ID',
  PRIMARY KEY (`role_id`,`menu_id`) USING BTREE
) ENGINE=InnoDB DEFAULT CHARSET=utf8 ROW_FORMAT=DYNAMIC COMMENT='角色和菜单关联表';

/*Data for the table `sys_role_menu` */

insert  into `sys_role_menu`(`role_id`,`menu_id`) values (2,1),(2,2),(2,100),(2,103),(2,104),(2,105),(2,106),(2,107),(2,108),(2,109),(2,110),(2,111),(2,112),(2,113),(2,500),(2,501),(2,1001),(2,1002),(2,1003),(2,1004),(2,1005),(2,1006),(2,1007),(2,1017),(2,1018),(2,1019),(2,1020),(2,1021),(2,1022),(2,1023),(2,1024),(2,1025),(2,1026),(2,1027),(2,1028),(2,1029),(2,1030),(2,1031),(2,1032),(2,1033),(2,1034),(2,1035),(2,1041),(2,1042),(2,1043),(2,1044),(2,1045),(2,1046),(2,1047),(2,1048),(2,1049),(2,1050),(2,1051),(2,1052),(2,1053),(2,1054),(2,1055),(2,1056),(2,1057),(2,1058),(2,1059),(2,2031),(2,2041),(2,2191),(100,2031),(100,2041),(111,1),(111,100),(111,101),(111,102),(111,103),(111,104),(111,1001),(111,1002),(111,1003),(111,1004),(111,1005),(111,1006),(111,1007),(111,1008),(111,1009),(111,1010),(111,1011),(111,1012),(111,1013),(111,1014),(111,1015),(111,1016),(111,1017),(111,1018),(111,1019),(111,1020),(111,1021),(111,1022),(111,1023),(111,1024),(111,1025),(111,2051),(111,2061),(111,2071),(111,2081),(111,2091),(111,2101),(111,2111),(111,2121),(111,2131),(111,2141),(111,2151),(111,2161),(121,2201),(121,2211);

/*Table structure for table `sys_user` */

DROP TABLE IF EXISTS `sys_user`;

CREATE TABLE `sys_user` (
  `user_id` bigint(20) NOT NULL AUTO_INCREMENT COMMENT '用户ID',
  `dept_id` bigint(20) DEFAULT NULL COMMENT '部门ID',
  `user_name` varchar(30) NOT NULL COMMENT '用户账号',
  `nick_name` varchar(30) NOT NULL COMMENT '用户昵称',
  `user_type` varchar(2) DEFAULT '00' COMMENT '用户类型（00系统用户）',
  `email` varchar(50) DEFAULT '' COMMENT '用户邮箱',
  `phonenumber` varchar(11) DEFAULT '' COMMENT '手机号码',
  `sex` char(1) DEFAULT '0' COMMENT '用户性别（0男 1女 2未知）',
  `avatar` varchar(100) DEFAULT '' COMMENT '头像地址',
  `password` varchar(100) DEFAULT '' COMMENT '密码',
  `status` char(1) DEFAULT '0' COMMENT '帐号状态（0正常 1停用）2初始化密码 3锁定',
  `del_flag` char(1) DEFAULT '0' COMMENT '删除标志（0代表存在 2代表删除）',
  `login_ip` varchar(50) DEFAULT NULL COMMENT '最后登录IP',
  `login_date` datetime DEFAULT NULL COMMENT '最后登录时间',
  `create_by` varchar(64) DEFAULT '' COMMENT '创建者',
  `create_time` datetime DEFAULT NULL COMMENT '创建时间',
  `update_by` varchar(64) DEFAULT '' COMMENT '更新者',
  `update_time` datetime DEFAULT NULL COMMENT '更新时间',
  `remark` varchar(500) DEFAULT NULL COMMENT '备注',
  PRIMARY KEY (`user_id`) USING BTREE
) ENGINE=InnoDB AUTO_INCREMENT=221 DEFAULT CHARSET=utf8 ROW_FORMAT=DYNAMIC COMMENT='用户信息表';

/*Data for the table `sys_user` */

insert  into `sys_user`(`user_id`,`dept_id`,`user_name`,`nick_name`,`user_type`,`email`,`phonenumber`,`sex`,`avatar`,`password`,`status`,`del_flag`,`login_ip`,`login_date`,`create_by`,`create_time`,`update_by`,`update_time`,`remark`) values (1,103,'admin','新能源','00','sd@longshine.com','15888888888','0','','$2a$10$7JB720yubVSZvUI0rEqK/.VqGOZTH.ulu33dHOiBE8ByOhJIrdAu2','0','0','127.0.0.1','2018-03-16 11:33:00','admin','2018-03-16 11:33:00','ry','2021-03-09 16:05:04','管理员'),(2,105,'ry','longshine','00','ls@qq.com','15666666666','1','','$2a$10$7JB720yubVSZvUI0rEqK/.VqGOZTH.ulu33dHOiBE8ByOhJIrdAu2','0','2','127.0.0.1','2018-03-16 11:33:00','admin','2018-03-16 11:33:00','ace','2021-02-16 16:40:05','测试员'),(100,100,'ace','ace','00','','','0','','$2a$10$ndr88Nh/Qji5Wm.ZhSTv..Yl6Y1KHAO6Mmm6O9t/ijK58PziqpWju','0','2','',NULL,'admin','2021-01-25 09:33:40','admin','2021-01-25 09:38:13',NULL),(101,101,'test','测试1','00','','','0','','$2a$10$PFuDBTbUH66dfNyr0m4yLuPLvyei2aFdH6srJhYcIjTviZtzvYeN2','0','2','',NULL,'admin','2021-01-25 17:24:24','',NULL,NULL),(111,NULL,'sxcs','山西测试','00','','','0','','$2a$10$0Y9WrkNtHnO.0jVHnCQTuOgvItOqjZyRTVSj.pzALIOTGPdNVQmF.','0','0','',NULL,'admin','2021-02-25 11:11:23','admin','2021-03-08 18:30:06',NULL),(121,105,'test2','测试2','00','','','0','','$2a$10$BpZRNelkolRnQPvLLDUCT.r1zZMMhEX38q5d.iZp358iAIpNwLokW','0','0','',NULL,'admin','2021-03-02 17:42:22','',NULL,NULL),(131,NULL,'test3','test3','00','','','0','','$2a$10$yuYhSsBbVvzxygB4qCtGOeQivKjgXSBxKZx8OfI1xWypWC5P9Awja','0','0','',NULL,'admin','2021-03-04 11:50:16','',NULL,NULL),(141,105,'123333','王','00','1@11.com','','0','','$2a$10$lqmvdsSEDapi6SJfHh5jXedVpEda4C98kNEn8.03HtpLMpHSswviK','0','2','',NULL,'admin','2021-03-04 15:08:34','admin','2021-03-04 15:09:13','11'),(151,103,'tjy','唐建业','00','873794975@qq.com','15868887669','0','','$2a$10$uAqrpM2U8bPN0rgzJTD/5ehcz8uPlDHNr.yAh5cASUngw5301BN7u','0','0','',NULL,'admin','2021-03-04 15:13:56','admin','2021-03-08 17:38:52','test'),(161,103,'test123','test123','00','','','0','','$2a$10$5p0SU73ted9.ki4KadAgbOA19TaJ5j5941smtFggpjNKGzndTpHr6','0','0','',NULL,'admin','2021-03-05 10:48:59','admin','2021-03-05 10:55:33',NULL),(171,103,'test123456','test123456','00','','','0','','$2a$10$/iYjc5fi0Kt0fX8Dsupe1u0m/EzdRvE0KEc9a.NS0mbEhZr2gmPk.','0','0','',NULL,'admin','2021-03-05 11:25:08','',NULL,'111'),(181,NULL,'tjy001','唐建业','00','','','0','','$2a$10$6AhGI/npNJ0SgvgMNka4.uxF6m7SYwrOmUbB1jUnNqJ.7blhcWgwi','0','0',NULL,NULL,'admin','2021-03-05 16:24:51','','2021-03-05 16:32:54','测试密码'),(191,NULL,'tjy002','user001','00','','','0','','$2a$10$SIRUkdLS84tpZ4WTkewJm.UyYQUBHvVoYH6xQNJ7oUhKR6ZV40v3C','3','0',NULL,NULL,'admin','2021-03-05 16:26:00','admin','2021-03-08 18:35:04','测试状态'),(201,103,'测试','测试归属部门','00','','','0','','$2a$10$75QMeNeFSTpBrIv9w0YgxeBdamt0qd3sLNSmwjGnPsL9xwtwjjBiq','0','0',NULL,NULL,'admin','2021-03-05 16:31:08','admin','2021-03-10 14:29:23','测试归属部门'),(211,101,'app_001','小程序通用用户','00','','','0','','$2a$10$0PafRsDwVzhjLiBtugEpbuIvzlQl8dlW8UEkh30uMygXAM62K3Se6','0','0',NULL,NULL,'admin','2021-03-08 11:00:17','admin','2021-03-08 11:13:16',NULL);

/*Table structure for table `sys_user_post` */

DROP TABLE IF EXISTS `sys_user_post`;

CREATE TABLE `sys_user_post` (
  `user_id` bigint(20) NOT NULL COMMENT '用户ID',
  `post_id` bigint(20) NOT NULL COMMENT '岗位ID',
  PRIMARY KEY (`user_id`,`post_id`) USING BTREE
) ENGINE=InnoDB DEFAULT CHARSET=utf8 ROW_FORMAT=DYNAMIC COMMENT='用户与岗位关联表';

/*Data for the table `sys_user_post` */

insert  into `sys_user_post`(`user_id`,`post_id`) values (1,1),(171,1),(191,1),(191,2),(201,1),(201,3);

/*Table structure for table `sys_user_role` */

DROP TABLE IF EXISTS `sys_user_role`;

CREATE TABLE `sys_user_role` (
  `user_id` bigint(20) NOT NULL COMMENT '用户ID',
  `role_id` bigint(20) NOT NULL COMMENT '角色ID',
  PRIMARY KEY (`user_id`,`role_id`) USING BTREE
) ENGINE=InnoDB DEFAULT CHARSET=utf8 ROW_FORMAT=DYNAMIC COMMENT='用户和角色关联表';

/*Data for the table `sys_user_role` */

insert  into `sys_user_role`(`user_id`,`role_id`) values (1,1),(111,111),(121,2),(131,100),(171,2),(191,2),(191,100),(201,2),(201,100),(211,121);

/*Table structure for table `tenant_capacity` */

DROP TABLE IF EXISTS `tenant_capacity`;

CREATE TABLE `tenant_capacity` (
  `id` bigint(20) unsigned NOT NULL AUTO_INCREMENT COMMENT '主键ID',
  `tenant_id` varchar(128) COLLATE utf8_bin NOT NULL DEFAULT '' COMMENT 'Tenant ID',
  `quota` int(10) unsigned NOT NULL DEFAULT '0' COMMENT '配额，0表示使用默认值',
  `usage` int(10) unsigned NOT NULL DEFAULT '0' COMMENT '使用量',
  `max_size` int(10) unsigned NOT NULL DEFAULT '0' COMMENT '单个配置大小上限，单位为字节，0表示使用默认值',
  `max_aggr_count` int(10) unsigned NOT NULL DEFAULT '0' COMMENT '聚合子配置最大个数',
  `max_aggr_size` int(10) unsigned NOT NULL DEFAULT '0' COMMENT '单个聚合数据的子配置大小上限，单位为字节，0表示使用默认值',
  `max_history_count` int(10) unsigned NOT NULL DEFAULT '0' COMMENT '最大变更历史数量',
  `gmt_create` datetime NOT NULL DEFAULT '2010-05-05 00:00:00' COMMENT '创建时间',
  `gmt_modified` datetime NOT NULL DEFAULT '2010-05-05 00:00:00' COMMENT '修改时间',
  PRIMARY KEY (`id`),
  UNIQUE KEY `uk_tenant_id` (`tenant_id`)
) ENGINE=InnoDB DEFAULT CHARSET=utf8 COLLATE=utf8_bin COMMENT='租户容量信息表';

/*Data for the table `tenant_capacity` */

/*Table structure for table `tenant_info` */

DROP TABLE IF EXISTS `tenant_info`;

CREATE TABLE `tenant_info` (
  `id` bigint(20) NOT NULL AUTO_INCREMENT COMMENT 'id',
  `kp` varchar(128) COLLATE utf8_bin NOT NULL COMMENT 'kp',
  `tenant_id` varchar(128) COLLATE utf8_bin DEFAULT '' COMMENT 'tenant_id',
  `tenant_name` varchar(128) COLLATE utf8_bin DEFAULT '' COMMENT 'tenant_name',
  `tenant_desc` varchar(256) COLLATE utf8_bin DEFAULT NULL COMMENT 'tenant_desc',
  `create_source` varchar(32) COLLATE utf8_bin DEFAULT NULL COMMENT 'create_source',
  `gmt_create` bigint(20) NOT NULL COMMENT '创建时间',
  `gmt_modified` bigint(20) NOT NULL COMMENT '修改时间',
  PRIMARY KEY (`id`),
  UNIQUE KEY `uk_tenant_info_kptenantid` (`kp`,`tenant_id`),
  KEY `idx_tenant_id` (`tenant_id`)
) ENGINE=InnoDB DEFAULT CHARSET=utf8 COLLATE=utf8_bin COMMENT='tenant_info';

/*Data for the table `tenant_info` */

/*Table structure for table `users` */

DROP TABLE IF EXISTS `users`;

CREATE TABLE `users` (
  `username` varchar(50) NOT NULL,
  `password` varchar(500) NOT NULL,
  `enabled` tinyint(1) NOT NULL,
  PRIMARY KEY (`username`)
) ENGINE=InnoDB DEFAULT CHARSET=utf8;

/*Data for the table `users` */

insert  into `users`(`username`,`password`,`enabled`) values ('nacos','$2a$10$t/bKpSebvkdlwqedWqO4i.INcTZVuAh3W7o2T3SAyN9UFBZFF//3.',1);

/*!40101 SET SQL_MODE=@OLD_SQL_MODE */;
/*!40014 SET FOREIGN_KEY_CHECKS=@OLD_FOREIGN_KEY_CHECKS */;
/*!40014 SET UNIQUE_CHECKS=@OLD_UNIQUE_CHECKS */;
/*!40111 SET SQL_NOTES=@OLD_SQL_NOTES */;
